t1696	t2308	t1454	t1285	t1907	t2433	t1402	t1408	t5828	t1607	t4854	t1664	t3414	t2663	t4148	t3384	t786	t5357	t685	t2299	t2451	t2305	t3648	t3594	t684	t5350	t5397	t2486	t4094	t2304	t3916	t2432	t7201	t3775	t1277	t2568	t1149	t8719	t6741	t1266	t1940	t797	t1564	t2631	t4758	t2512	t958	t4821	t2431	t8770	t2329	t1813	t1768	t3996	t7893	t4760	t4070	t9121	t1278	t1565	t1321	t2741	t3909	t7069	t1348	t9036	t4759	t2773	t1492	t1143	t1608	t3858	t4573	t8986	t3903	t3598	t9030	t3819	t3286	t4719	t8302	t1789	t1178	t2548	t5688	t1394	t1292	t4249	t4037	t3911	t7102	t1546	t3353	t7622	t1142	t4197	t2706	t1791	t6627	t3908	t3310	t2610	t5141	t3575	t6586	t4583	t7480	t8259	t1870	t7841	t870	t5621	t1843	t3200	t2476	t3076	t4239	t4703	t2795	t1237	t9070	t7190	t1566	t4106	t7448	t4653	t1848	t1846	t7028	t3506	t2609	t4095	t3041	t8800	t2611	t4790	t1411	t3906	t5172	t2470	t5745	t2815	t1311	t8020	t2582	t4120	t5685	t2309	t2375	t1910	t1581	t3160	t6307	t5369	t6771	t1145	t5298	t2724	t5940	t1716	t4962	t3531	t1519	t9020	t9304	t1599	t5105	t1899	t6734	t4188	t5610	t1262	t2732	t5622	t1259	t4870	t5302	t9405	t7101	t3387	t2331	t1240	t3577	t5033	t8786	t5819	t6303	t1106	t4694	t1229	t6898	t5615	t5681	t5704	t9103	t1139	t5488	t6116	t2089	t3559	t7488	t2689	t2025	t2146	t5689	t8407	t1349	t813	t3562	t4784	t7524	t2612	t3615	t3793	t3367	t2374	t3162	t9136	t7104	t1894	t9351	t1495	t3893	t2813	t6707	t1898	t7007	t2191	t8300	t3590	t1264	t2289	t6280	t3602	t679	t2593	t1481	t4875	t1320	t5717	t2393	t792	t1379	t4781	t1355	t5291	t4255	t1449	t3164	t1132	t5192	t6746	t788	t5303	t7585	t7113	t5955	t8636	t2436	t1512	t1557	t5396	t4826	t2753	t2346	t9426	t1126	t1234	t8647	t2599	t4434	t2415	t4116	t7196	t1753	t2404	t2672	t4226	t1130	t3892	t816	t1089	t3773	t4203	t8713	t1535	t6794	t8108	t2427	t1182	t1815	t4084	t5705	t1612	t4266	t4658	t6150	t4433	t4463	t807	t4961	t1122
b1_1_1	535	209	1304	3412	20	0	360	23	0	65	0	0	0	131	233	33	19	0	20	0	0	49	0	41	0	0	0	15	0	19	0	0	55	11	180	0	20	0	0	0	43	47	0	0	0	17	66	0	0	39	0	0	0	0	0	0	0	0	0	0	0	112	0	0	12	0	0	15	0	26	0	0	17	0	0	34	0	0	0	0	0	0	0	0	0	0	0	0	0	0	0	20	0	0	0	0	0	0	19	0	0	0	0	0	0	0	0	0	0	0	0	0	0	0	0	0	0	0	0	12	0	0	0	0	14	0	0	0	0	0	0	13	0	0	0	0	13	0	0	0	0	0	0	0	0	0	0	0	0	0	0	0	0	0	0	0	0	0	0	0	0	0	0	0	0	0	0	0	0	0	0	137	0	0	0	0	0	0	0	0	0	0	0	0	0	0	0	0	0	0	0	0	0	27	0	17	0	0	0	0	0	0	0	0	13	0	0	0	0	0	0	0	0	0	0	0	0	0	0	0	0	0	0	0	0	0	0	0	0	0	0	0	0	0	0	0	0	0	0	0	0	0	0	0	0	0	0	0	0	0	0	0	0	0	0	0	0	0	0	11	0	0	0	0	0	0	0	0	0	0	0	0	0	0	0	0	0	0	0	0	0	0	0	0	0	0	0	0	0	0	0	0	0	0	0	0	0	0	0	0	0	0
b1_1_2	471	432	1527	2493	39	0	159	0	0	69	0	0	0	0	0	0	0	0	18	0	0	0	16	15	0	0	0	25	0	31	38	0	13	0	0	0	0	0	0	0	0	22	0	0	0	36	0	0	0	17	0	0	0	0	0	0	0	0	0	0	0	77	0	0	0	0	0	0	0	0	0	0	17	0	0	15	0	0	0	0	0	0	0	0	0	0	0	0	0	0	0	0	0	0	0	0	0	0	0	0	0	0	0	0	0	0	0	0	0	0	0	0	0	0	0	0	0	0	0	0	0	0	0	0	0	0	0	0	0	0	0	0	0	0	0	0	0	0	0	0	0	0	0	0	0	0	0	0	0	0	0	0	0	0	0	0	0	0	0	0	0	0	0	0	0	0	0	0	0	0	0	0	0	0	0	0	0	0	0	0	0	0	0	0	0	0	0	0	0	0	0	0	0	0	0	0	0	0	0	0	0	0	0	0	0	0	0	0	0	0	0	0	0	0	0	0	0	0	0	0	0	0	0	0	0	0	0	0	0	0	0	0	0	0	0	0	0	0	0	0	0	0	0	0	0	0	0	0	0	0	0	0	0	0	0	0	0	0	0	0	0	0	0	0	0	0	0	0	0	0	0	0	0	0	0	0	0	0	0	0	0	0	0	0	0	0	0	0	0	0	0	0	0	0	0	0	0	0	0	0	0	0
b1_1_3	0	44	998	249	12	25	72	19	0	51	0	124	0	12	17	0	181	0	0	0	77	0	0	0	0	19	0	0	15	0	0	130	0	0	58	0	0	0	0	0	0	0	47	0	86	0	19	24	0	0	0	67	0	35	0	49	14	0	0	0	0	0	0	0	64	86	0	0	0	0	0	0	0	15	0	0	44	30	0	0	0	66	0	29	0	0	0	55	0	0	0	0	0	0	63	0	0	0	0	0	0	26	0	0	0	0	0	0	26	32	0	0	0	13	73	0	16	0	0	0	0	0	0	0	0	0	0	0	0	0	18	64	0	0	47	15	0	0	0	252	11	0	0	0	29	20	0	0	0	0	0	0	0	0	0	0	0	0	0	0	0	0	0	0	0	0	0	65	0	0	0	0	0	0	0	0	31	0	0	0	0	0	0	0	0	0	0	0	0	0	0	0	0	0	0	0	0	0	0	0	0	0	0	0	0	0	0	0	0	0	0	0	0	0	0	0	0	0	0	0	0	0	0	0	0	0	0	0	0	0	0	0	0	0	0	0	0	0	0	0	0	0	16	0	0	0	0	0	0	0	0	0	0	0	0	0	0	0	0	0	0	0	0	0	0	0	0	0	0	0	0	0	0	0	0	0	0	0	0	0	0	0	0	0	0	0	0	0	0	0	0	0	0	0	0	0	0	0	0	0	0	0
b1_1_6	1152	519	1967	1610	21	0	340	19	0	57	0	0	0	52	139	0	91	0	38	32	0	135	13	34	0	0	0	12	0	26	17	0	0	15	251	0	15	0	0	0	30	40	0	0	0	0	58	0	0	0	0	0	0	0	0	0	0	0	0	0	0	99	0	0	12	0	0	19	0	0	0	0	16	0	0	41	0	0	0	0	0	0	0	0	0	0	0	0	0	0	0	0	0	0	0	0	0	0	14	0	0	0	0	0	0	0	0	0	0	0	0	0	0	0	0	0	0	0	0	13	0	0	0	0	0	0	0	0	0	0	0	0	0	0	0	0	15	0	0	0	0	0	0	0	0	0	0	0	0	0	10	0	0	0	0	0	0	0	0	0	0	0	0	0	0	0	0	0	0	0	0	0	0	0	0	0	0	0	0	0	0	0	0	0	0	0	0	0	0	0	0	0	0	0	0	11	0	0	0	0	0	0	0	0	0	0	0	0	0	0	0	0	0	0	0	0	0	0	0	0	0	0	0	0	0	0	0	0	0	0	0	0	0	0	0	0	0	0	0	0	0	0	0	0	0	0	0	0	0	0	0	0	0	0	0	0	0	0	0	0	0	0	0	0	0	0	0	0	0	0	0	0	0	0	0	0	0	0	0	0	0	0	0	0	0	0	0	0	0	0	0	0	0	0	0	0	0	0	0	0	0	0
b1_1_7	520	931	1024	472	69	0	183	18	0	72	0	0	0	23	0	0	15	0	38	0	0	0	19	36	11	0	0	0	480	33	83	0	0	39	41	0	0	0	0	0	0	34	0	0	0	0	0	0	0	14	0	0	0	0	0	0	0	0	0	0	0	42	14	0	0	0	0	0	0	0	0	13	23	0	0	0	0	0	0	0	0	0	47	0	0	0	0	0	0	0	0	0	0	32	0	0	0	0	0	0	0	0	0	0	0	0	0	0	0	0	0	0	0	0	0	0	0	0	0	0	0	0	0	0	0	0	0	0	0	0	0	0	0	0	0	0	0	0	0	0	0	0	0	0	0	0	0	0	0	0	0	0	0	0	0	0	0	0	0	0	0	0	0	0	0	0	0	0	0	0	0	12	0	0	0	0	0	0	0	0	12	0	0	0	0	0	0	0	0	0	0	0	0	0	0	0	0	0	0	0	0	0	0	0	0	0	0	0	0	0	0	0	0	0	0	0	0	0	0	0	0	0	0	0	0	0	0	0	0	0	0	0	0	0	0	0	0	0	0	0	0	0	0	0	0	0	0	0	0	0	0	0	0	0	0	0	0	0	0	0	0	0	0	0	0	0	0	0	0	0	0	0	0	0	0	0	0	0	0	0	0	0	0	0	0	0	0	0	0	0	0	0	0	0	0	0	0	0	0	0	0	0
b1_11_1	158	151	2439	1605	21	0	269	0	0	57	0	0	0	0	0	0	0	0	0	0	0	0	0	0	0	0	0	21	0	0	0	0	0	0	0	0	0	0	0	0	0	0	0	0	0	0	0	0	0	0	0	0	0	0	0	0	0	0	0	0	0	75	0	0	0	0	0	0	0	0	0	0	0	0	0	0	0	0	0	0	0	0	0	0	0	0	0	0	0	0	0	0	0	0	0	0	0	0	0	0	0	0	0	0	0	0	0	0	0	0	0	0	0	0	0	0	0	0	0	0	0	0	0	0	0	0	0	0	0	0	0	12	0	0	0	0	0	0	0	0	0	0	0	0	0	0	0	0	0	0	0	0	0	0	0	0	0	0	0	0	0	0	0	0	0	0	0	0	0	0	0	0	0	0	0	0	0	0	0	0	0	0	0	0	0	0	0	0	0	0	0	0	0	0	0	0	0	0	0	0	0	0	0	0	0	0	0	0	0	0	0	0	0	0	0	0	0	0	0	0	0	0	0	0	0	0	0	0	0	0	0	0	0	0	0	0	0	0	0	0	0	0	0	0	0	0	0	0	0	0	0	0	0	0	0	0	0	0	0	0	0	0	0	0	0	0	0	0	0	0	0	0	0	0	0	0	0	0	0	0	0	0	0	0	0	0	0	0	0	0	0	0	0	0	0	0	0	0	0	0	0	0
b1_11_2	167	621	1163	1452	14	0	283	17	0	56	0	0	0	0	0	0	0	0	16	0	0	0	28	0	0	0	0	31	0	0	61	0	0	19	0	0	0	0	0	0	0	0	0	0	0	0	0	0	0	14	0	0	0	0	0	0	0	0	0	0	0	0	0	0	0	0	0	0	0	0	0	0	22	0	0	0	0	0	0	0	0	0	0	0	0	0	0	0	0	0	0	0	0	0	0	0	0	0	0	0	0	0	0	0	0	0	0	0	0	0	0	0	0	0	0	0	0	0	0	0	0	0	0	0	0	0	0	0	0	0	0	0	0	0	0	0	0	0	0	0	0	0	0	0	0	0	0	0	0	0	0	0	0	0	0	0	0	0	0	0	0	0	0	0	0	0	0	0	0	0	0	0	0	0	0	0	0	0	0	0	0	0	0	0	0	0	0	0	0	0	0	0	0	0	0	0	0	0	0	0	0	0	0	0	0	0	0	0	0	0	0	0	0	0	0	0	0	0	0	0	0	0	0	0	0	0	0	0	0	0	0	0	0	0	0	0	0	0	0	0	0	0	0	0	0	0	0	0	0	0	0	0	0	0	0	0	0	0	0	0	0	0	0	0	0	0	0	0	0	0	0	0	0	0	0	0	0	0	0	0	0	0	0	0	0	0	0	0	0	0	0	0	0	0	0	0	0	0	0	0	0	0
b1_11_3	1296	421	2120	1324	15	33	121	34	0	132	0	0	0	139	152	0	30	0	46	0	0	66	40	38	0	0	0	26	78	40	17	0	28	21	116	0	18	0	0	0	27	51	0	0	0	12	19	0	0	0	0	0	0	0	0	0	0	0	0	0	0	61	11	0	18	0	0	0	0	16	0	0	28	0	0	30	0	0	0	0	0	0	0	0	0	0	0	0	0	0	0	0	0	0	0	0	0	0	0	0	34	0	0	0	0	0	0	0	0	0	0	0	0	0	0	0	0	0	0	22	0	0	0	0	18	0	0	0	0	0	0	12	0	0	0	0	17	0	0	0	0	0	0	0	0	0	0	0	0	0	18	0	0	0	22	0	0	0	0	0	0	0	0	0	0	0	0	0	0	0	0	30	0	0	0	0	0	0	0	0	0	0	0	0	0	0	0	0	0	0	0	0	0	20	0	23	0	0	0	0	0	0	0	0	0	0	0	0	0	0	0	0	0	0	0	0	0	0	0	0	0	0	0	0	0	0	0	0	0	0	0	0	0	0	0	0	0	0	0	0	0	0	0	0	0	0	0	0	0	0	0	0	0	0	0	0	0	0	0	0	0	0	0	0	0	0	0	0	0	0	0	0	0	0	0	0	0	0	0	0	0	0	0	0	0	0	0	0	0	0	0	0	0	0	0	0	0	0	0	0	0	0
b1_11_6	282	69	2210	2727	43	0	547	51	0	169	0	0	0	0	0	0	34	0	0	0	0	12	13	0	0	0	0	22	79	0	0	0	0	0	48	0	0	0	0	0	0	31	0	0	0	13	0	0	0	71	0	0	0	0	0	0	0	0	0	0	0	14	0	0	0	0	0	0	0	0	0	0	0	0	0	0	0	0	0	28	0	0	0	0	0	0	0	0	0	0	0	10	0	0	0	0	0	0	0	0	0	0	0	0	0	0	0	0	0	0	0	0	0	0	0	0	0	0	0	0	0	0	0	0	0	0	0	0	0	0	0	0	0	0	0	0	0	0	0	0	0	0	0	0	0	0	0	0	0	0	0	0	0	0	0	0	0	0	0	0	0	0	0	0	0	0	0	0	0	0	0	0	0	0	0	0	0	0	0	0	0	0	0	0	0	0	0	0	0	0	0	0	0	0	0	0	0	0	0	0	0	0	0	0	0	0	0	0	0	0	0	0	0	0	0	0	0	0	0	0	0	0	0	0	0	0	0	0	0	0	0	0	0	0	0	0	0	0	0	0	0	0	0	0	0	0	0	0	0	0	0	0	0	0	0	0	0	0	0	0	0	0	0	0	0	0	0	0	0	0	0	0	0	0	0	0	0	0	0	0	0	0	0	0	0	0	0	0	0	0	0	0	0	0	0	0	0	0	0	0	0	0
b1_11_7	61	557	1267	1073	11	0	75	0	0	77	0	0	0	0	0	0	0	0	0	0	0	0	16	0	0	0	0	11	12	0	76	0	0	0	0	0	0	0	0	0	0	0	0	0	0	21	0	0	0	0	0	0	0	0	0	0	0	0	0	0	0	0	0	0	0	0	0	0	0	0	0	0	0	0	0	0	0	0	0	0	0	0	0	0	0	0	0	0	0	0	0	0	0	0	0	0	0	0	0	0	0	0	0	0	0	0	0	0	0	0	0	0	0	0	0	0	0	0	0	0	0	0	0	0	0	0	0	0	0	0	0	0	0	0	0	0	0	0	0	0	0	0	0	0	0	0	0	0	0	0	0	0	0	0	0	0	0	0	0	0	0	0	0	0	0	0	0	0	0	0	0	0	0	0	0	0	0	0	0	0	0	0	0	0	0	0	0	0	0	0	0	0	0	0	0	0	0	0	0	0	0	0	0	0	0	0	0	0	0	0	0	0	0	0	0	0	0	0	0	0	0	0	0	0	0	0	0	0	0	0	0	0	0	0	0	0	0	0	0	0	0	0	0	0	0	0	0	0	0	0	0	0	0	0	0	0	0	0	0	0	0	0	0	0	0	0	0	0	0	0	0	0	0	0	0	0	0	0	0	0	0	0	0	0	0	0	0	0	0	0	0	0	0	0	0	0	0	0	0	0	0	0
b1_15_1	463	211	1935	1497	80	0	193	0	0	72	0	0	0	0	18	0	30	0	33	18	0	0	0	64	0	0	0	104	38	53	0	0	16	16	21	0	0	0	0	0	0	0	0	0	0	29	0	0	0	47	0	0	0	0	0	0	0	0	0	0	0	130	0	0	0	0	0	0	0	0	0	0	0	0	0	0	0	0	0	0	0	0	0	0	0	0	0	0	0	0	0	0	0	0	0	0	0	0	0	18	0	0	0	0	0	0	0	0	0	0	13	0	0	0	0	0	0	0	0	0	0	0	0	0	0	0	0	0	0	0	0	11	0	0	0	0	0	0	0	0	0	0	24	0	0	0	0	0	0	0	22	0	0	0	0	0	0	0	0	0	0	0	0	16	0	0	0	0	0	0	0	0	0	0	0	0	0	0	0	0	20	0	0	0	0	0	0	0	0	0	0	0	0	0	0	0	0	0	0	0	0	0	0	0	0	0	0	0	0	0	0	0	0	0	0	0	0	0	0	0	0	0	0	0	0	0	0	0	0	0	0	0	0	0	0	0	0	0	0	0	0	0	0	0	0	0	0	0	0	0	0	0	0	0	0	0	0	0	0	0	0	0	0	0	0	0	0	0	0	0	0	0	0	0	0	0	0	0	0	0	0	0	0	0	0	0	0	0	0	0	0	0	0	0	0	0	0	0	0	0	0	0
b1_15_2	21	145	142	848	40	0	168	0	0	71	21	366	39	14	22	0	129	0	0	0	137	13	0	0	0	0	0	0	229	0	27	431	0	0	110	0	0	0	0	0	0	21	21	90	73	0	32	32	0	21	0	393	0	73	0	53	0	0	0	12	0	10	0	0	36	30	30	20	0	0	0	0	0	20	0	0	18	0	0	0	31	38	0	28	0	0	16	240	0	0	0	0	0	0	98	11	0	0	0	0	0	39	0	0	0	0	0	0	36	23	0	0	0	0	58	0	0	0	0	13	0	0	74	0	0	0	0	0	0	22	0	179	0	0	40	14	0	0	0	119	90	0	0	0	27	19	0	0	0	0	0	0	0	0	0	0	0	0	0	19	0	0	20	0	0	0	0	20	0	19	0	0	0	0	0	0	37	20	0	0	0	0	0	0	0	0	0	0	0	0	0	0	0	0	0	0	0	0	0	0	19	0	0	0	0	0	0	0	0	0	0	0	0	0	0	0	0	0	0	0	0	0	0	0	0	0	0	0	0	0	0	0	0	0	0	0	0	0	0	0	0	0	0	0	0	0	0	0	0	0	0	0	0	0	0	0	0	0	0	0	0	0	0	0	0	0	0	0	0	0	0	0	0	0	14	0	0	0	0	0	0	0	0	0	0	0	0	0	0	0	0	0	0	0	0	0	0	0	0	0	0	0
b1_15_3	663	737	2268	574	12	0	182	0	0	61	0	0	0	0	18	0	0	0	20	0	0	0	89	0	0	0	0	106	272	29	31	0	38	14	0	0	0	0	0	0	0	0	0	0	0	134	0	0	0	0	0	0	0	0	0	0	0	0	0	0	0	29	0	0	0	0	0	0	0	0	0	0	18	0	0	0	0	0	0	107	0	0	0	0	0	0	0	0	0	0	0	451	0	0	0	0	0	0	0	0	0	0	0	0	0	0	0	0	0	0	15	0	0	0	0	0	0	0	0	0	0	0	0	0	0	0	0	0	0	0	0	0	0	0	0	0	0	0	0	0	0	0	0	0	0	0	0	0	0	0	0	0	0	0	0	0	0	0	0	0	0	0	0	0	0	0	0	0	0	0	0	0	0	0	0	0	0	0	0	0	0	0	0	0	0	0	0	0	0	0	0	0	0	15	0	0	0	0	0	0	0	0	0	0	0	0	0	0	0	0	0	0	0	0	0	0	0	0	0	0	0	0	0	0	0	0	0	0	0	0	0	0	0	0	0	0	0	0	0	0	0	0	0	0	0	0	0	0	0	0	0	0	0	0	0	0	0	0	0	0	0	0	0	0	0	0	0	0	0	0	0	0	0	0	0	0	0	0	0	0	0	0	0	0	0	0	0	0	0	0	0	0	0	0	0	0	0	0	0	0	0	0
b1_15_6	421	341	1619	2155	73	0	187	124	0	41	0	0	0	0	31	0	12	0	0	0	0	14	0	0	0	0	0	61	204	20	28	0	27	0	15	0	0	0	0	0	0	67	0	0	0	12	14	0	0	0	0	0	0	0	0	0	0	0	0	0	0	13	0	0	0	0	0	0	0	0	13	0	0	0	0	48	0	0	0	427	0	0	0	0	0	0	0	0	0	0	0	0	0	0	0	0	0	0	0	0	0	0	0	0	0	0	0	0	0	0	11	0	0	0	0	0	0	0	0	0	0	0	0	0	0	0	0	0	0	0	0	24	0	0	0	0	15	0	0	0	0	0	25	0	0	0	0	0	0	0	0	0	0	0	0	0	0	0	0	0	0	0	0	0	0	0	0	0	0	0	0	0	0	0	0	0	0	0	0	32	0	0	0	0	0	0	0	0	0	0	0	0	0	0	0	0	0	0	0	0	0	0	0	0	0	0	0	0	0	0	0	0	0	0	0	0	0	0	0	17	0	0	0	0	0	0	0	0	0	0	0	0	0	0	0	0	0	0	0	0	0	0	0	0	0	0	0	0	0	0	0	0	0	0	0	0	0	0	0	0	0	0	0	0	0	0	17	0	0	0	0	0	0	0	0	0	0	0	0	0	0	0	0	0	0	0	0	0	0	0	0	0	0	0	0	0	0	0	0	0	0	0
b1_15_7	977	1624	487	650	0	0	175	0	0	53	0	0	0	22	15	0	25	0	27	18	29	15	75	12	0	0	0	161	925	38	80	0	0	17	18	0	0	0	0	0	0	25	0	0	49	24	0	15	0	23	0	0	0	0	0	0	39	15	0	0	0	51	0	0	0	0	0	0	0	0	17	0	65	0	0	0	0	0	13	39	0	0	0	0	0	0	0	0	0	0	0	0	0	0	0	0	0	0	0	0	0	0	0	0	0	0	0	0	0	0	0	0	0	0	0	0	0	0	0	0	0	0	0	0	14	0	27	0	0	0	0	0	0	0	0	0	0	0	0	0	0	0	15	0	0	0	0	0	0	0	0	0	0	0	0	0	0	0	0	0	0	0	0	0	0	0	0	0	0	0	0	0	0	0	0	0	0	0	0	0	0	0	0	0	0	0	0	0	0	0	0	0	0	0	0	14	0	0	0	0	0	0	0	0	0	0	0	0	0	0	0	0	0	0	0	0	0	0	0	0	0	0	0	0	0	0	0	0	0	0	0	0	0	0	19	0	0	0	0	0	0	0	0	0	0	0	0	0	0	0	13	0	0	0	0	0	0	0	0	0	0	20	0	0	0	0	0	0	0	0	0	0	0	0	0	0	0	0	0	0	0	0	0	0	0	0	0	0	0	0	0	0	0	0	0	0	0	0	0	0	0	0
b1_18_1	541	426	2275	1151	32	0	208	0	0	90	0	0	0	0	0	0	17	0	31	0	0	0	0	69	0	0	0	365	34	0	0	0	12	24	34	0	0	0	0	0	0	0	0	0	0	324	0	0	0	60	0	0	0	0	0	0	0	0	0	0	0	151	0	0	28	0	0	0	0	0	24	0	0	0	0	0	0	0	0	0	0	0	0	0	0	0	0	0	0	0	0	0	0	0	14	0	0	0	0	0	0	0	0	0	0	0	0	0	0	0	45	0	0	0	0	0	0	0	0	27	0	0	0	0	0	0	0	0	0	0	0	26	0	0	0	0	0	0	0	0	0	0	30	0	0	0	0	0	0	0	106	0	0	0	0	0	0	0	0	0	0	0	0	0	0	0	0	0	0	0	0	0	0	0	0	0	0	0	0	0	0	0	0	0	0	0	0	0	0	0	0	0	0	0	0	0	0	0	0	0	0	38	0	0	0	0	0	0	0	0	0	0	0	0	0	0	0	0	0	0	0	0	0	0	0	0	0	0	0	0	0	0	0	0	0	17	0	0	0	0	0	0	0	0	0	0	0	0	0	0	0	0	0	0	0	0	0	0	0	0	0	0	0	0	0	0	0	0	0	0	0	0	0	0	0	0	0	14	0	0	0	0	0	0	0	0	0	0	0	0	0	0	0	0	0	0	0	0	0	0	0	0
b1_18_2	955	305	164	579	0	14	240	367	21	0	0	0	0	329	36	0	0	0	0	90	19	12	0	0	0	19	0	196	0	160	28	0	49	0	0	0	12	0	0	0	16	274	0	0	17	177	0	0	0	41	0	0	0	0	0	0	149	0	0	0	12	35	0	0	12	0	0	0	0	40	0	0	32	0	0	177	0	0	0	0	0	0	0	0	15	0	0	0	0	0	0	0	0	0	0	0	0	0	28	0	125	0	0	0	0	0	0	0	0	0	133	0	0	0	0	0	0	0	0	0	0	0	0	0	0	0	556	0	0	0	0	0	0	0	0	0	83	0	0	0	0	0	0	0	0	0	0	0	0	0	14	0	0	0	61	0	0	25	0	0	0	0	0	0	0	0	0	0	0	0	0	0	0	0	0	0	0	0	0	0	0	0	0	0	0	0	0	0	0	0	0	0	0	0	0	26	0	0	0	0	0	0	0	0	55	0	0	0	0	0	0	0	0	0	0	0	0	0	0	0	0	0	0	0	0	0	0	0	0	0	0	33	0	0	0	0	0	0	23	0	0	0	0	0	0	0	0	0	0	0	0	0	0	28	0	0	0	0	25	0	0	0	0	0	0	0	0	16	16	0	0	0	0	0	0	14	0	0	0	0	0	0	0	0	0	0	0	0	0	0	0	0	0	0	0	11	0	0	0	0	0	0
b1_18_3	698	594	708	688	0	0	645	16	13	118	12	0	0	0	0	0	0	0	29	27	0	0	35	0	0	0	0	94	1273	20	49	0	0	12	0	0	0	0	0	0	0	0	0	0	0	27	0	27	0	0	0	0	0	26	0	14	0	0	0	0	0	30	0	0	0	0	0	0	0	0	0	0	18	0	0	0	0	0	0	0	0	0	0	0	41	0	0	0	0	0	0	0	0	0	0	0	0	0	0	0	45	0	0	0	0	0	0	0	0	0	0	0	0	0	0	0	0	0	0	0	0	0	0	0	0	0	0	0	0	0	0	0	0	0	0	0	0	0	0	0	0	0	14	0	0	0	0	0	0	0	0	0	0	0	18	0	0	0	0	40	0	0	0	0	0	0	0	0	0	0	0	18	0	0	0	0	0	0	0	0	0	0	0	0	0	0	0	0	0	0	0	0	0	0	0	0	0	0	0	0	0	0	0	0	0	0	0	0	0	0	0	0	0	0	0	0	0	0	0	0	0	0	0	0	0	0	0	0	0	0	0	0	0	0	0	0	0	0	0	0	0	0	0	0	0	0	0	0	0	0	0	0	0	0	0	0	0	0	0	0	12	0	0	0	0	0	0	0	0	0	0	0	0	0	0	0	0	0	0	0	0	0	0	0	0	0	0	0	0	0	0	0	0	0	0	0	0	0	0	0	0	0
b1_18_6	605	342	1912	430	19	0	112	150	0	22	0	0	0	24	41	0	21	0	27	0	0	21	0	0	0	0	0	61	804	21	22	0	141	20	22	0	22	0	0	0	32	87	0	0	0	107	63	0	0	0	0	0	0	0	0	0	0	0	0	0	0	11	0	0	0	0	0	0	0	0	0	0	12	0	0	68	0	0	0	28	0	0	34	0	0	0	0	0	0	0	0	0	0	12	0	0	0	0	0	0	0	0	0	0	0	0	0	0	0	0	16	0	0	0	0	0	0	0	0	0	0	0	0	0	0	0	0	0	0	0	0	0	0	0	0	0	31	0	0	0	0	0	0	0	0	0	0	0	0	0	0	0	0	0	0	0	0	0	0	0	0	0	0	0	0	0	0	0	0	0	0	0	0	0	0	0	0	0	0	0	0	0	0	0	0	0	0	0	0	0	0	0	0	0	0	0	0	0	0	0	0	0	0	0	12	0	0	0	0	0	0	0	0	0	0	0	0	0	0	11	0	0	0	0	0	0	0	0	0	0	0	0	0	0	0	0	0	0	0	0	0	0	0	0	0	0	0	0	0	0	0	0	0	0	0	0	0	0	0	0	11	0	0	0	0	0	0	0	0	0	0	0	0	0	0	0	0	0	0	0	0	0	0	0	0	0	0	0	0	0	0	0	0	0	0	0	0	0	0	0	0	0
b1_18_7	18	21	577	87	0	0	44	0	0	144	0	246	34	20	0	0	150	0	0	0	93	0	0	0	0	0	0	0	330	0	0	424	0	0	80	0	16	0	0	0	0	17	0	22	57	15	15	17	0	0	0	90	0	63	0	208	0	0	0	0	0	0	0	0	0	12	0	0	0	0	0	0	0	0	0	0	51	0	0	0	18	77	0	0	0	0	17	151	0	0	0	0	0	0	77	0	0	0	0	0	0	47	0	0	0	0	0	0	0	0	0	0	0	17	24	0	0	0	0	0	0	30	16	0	0	0	0	0	0	0	0	32	0	0	39	0	0	0	0	0	24	0	0	0	25	30	0	0	0	0	0	0	0	0	0	0	0	0	0	25	0	0	65	0	0	0	0	0	0	0	0	0	0	0	0	0	44	14	0	0	0	0	0	0	0	0	0	0	15	58	0	0	0	0	0	0	0	0	0	0	0	0	0	0	0	0	0	0	0	0	0	0	16	0	0	0	0	0	0	0	0	0	0	0	0	0	0	0	0	0	0	0	0	0	0	0	0	0	0	0	0	19	0	0	0	0	0	0	0	13	0	0	0	0	0	0	0	0	0	0	0	0	0	0	0	0	0	0	0	0	0	0	0	0	0	0	0	0	0	0	0	0	0	0	0	0	0	0	0	0	0	0	0	0	0	0	0	0	0	0	0	0
b1_22_1	278	114	3126	2591	0	0	466	0	0	150	0	0	0	0	0	0	0	0	17	0	0	0	0	13	0	0	0	102	18	0	0	0	0	0	0	0	0	0	0	0	0	0	0	0	0	76	0	0	0	12	0	0	0	0	0	0	0	0	0	0	0	65	0	0	0	0	0	0	0	0	0	0	0	0	0	0	0	0	0	0	0	0	0	0	0	0	0	0	0	0	0	0	0	0	0	0	0	0	0	0	0	0	0	0	0	0	0	0	0	0	12	0	0	0	0	0	0	0	0	0	0	0	0	0	0	0	0	0	0	0	0	12	0	0	0	0	0	0	0	0	0	0	0	0	0	0	0	0	0	0	0	0	0	0	0	0	0	0	0	0	0	0	0	0	0	0	0	0	0	0	0	0	0	0	0	0	0	0	0	0	0	0	0	0	0	0	0	0	0	0	0	0	0	0	0	0	0	0	0	0	0	0	0	0	0	0	0	0	0	0	0	0	0	0	0	0	0	0	0	0	0	0	0	0	0	0	0	0	0	0	0	0	0	0	0	0	0	0	0	0	0	0	0	0	0	0	0	0	0	0	0	0	0	0	0	0	0	0	0	0	0	0	0	0	0	0	0	0	0	0	0	0	0	0	0	0	0	0	0	0	0	0	0	0	0	0	0	0	0	0	0	0	0	0	0	0	0	0	0	0	0	0
b1_22_2	0	45	51	126	22	0	41	55	0	0	0	49	120	59	25	0	169	0	0	0	98	0	0	0	0	0	0	0	0	0	21	294	0	0	41	0	14	0	0	0	0	0	33	0	108	0	40	0	0	0	0	83	0	50	0	280	140	0	14	0	0	0	0	0	118	26	0	0	0	14	0	0	0	19	0	0	20	0	0	0	0	91	0	30	0	0	0	62	0	0	0	0	0	0	41	0	0	0	0	0	0	41	0	0	0	0	0	0	29	25	0	0	0	0	59	0	46	0	0	0	0	32	17	0	0	0	57	0	0	21	0	13	0	0	55	46	0	0	0	0	17	0	0	0	36	44	0	0	0	0	0	0	0	0	0	0	0	0	0	0	0	0	25	0	0	0	0	0	0	0	0	0	16	0	0	0	36	13	0	0	0	0	0	0	0	0	0	0	0	0	0	0	0	0	0	0	0	0	0	0	0	0	0	15	0	0	0	0	0	0	0	0	0	0	0	0	0	0	0	0	0	0	0	0	0	0	0	0	0	0	0	0	0	0	0	0	0	0	0	0	0	0	0	0	0	0	0	0	0	0	0	0	0	0	0	0	0	0	0	0	0	0	0	0	0	0	0	0	0	0	0	0	0	0	0	0	0	0	0	0	0	0	0	0	0	0	0	0	0	0	0	0	0	0	0	0	0	0	0	0	0	0
b1_22_3	1421	628	1092	448	0	0	411	71	0	131	0	0	0	21	24	0	28	0	22	0	0	0	111	16	0	0	0	226	27	14	57	21	0	16	19	0	0	0	0	0	0	23	0	0	0	28	0	0	0	18	0	0	0	0	0	62	0	0	0	0	0	16	0	0	0	0	0	0	0	0	0	0	35	0	0	0	0	0	0	0	0	0	15	0	0	0	0	0	0	0	0	0	0	0	0	0	0	0	0	0	45	0	0	0	0	0	0	0	0	0	0	0	0	0	0	0	0	0	0	0	0	0	0	0	0	0	0	0	0	0	0	0	0	0	0	0	0	0	0	0	0	0	58	0	0	0	0	0	0	0	0	0	0	0	37	0	0	0	0	16	0	0	0	0	0	0	0	0	0	0	0	12	0	0	0	0	0	0	0	0	0	0	0	0	0	0	0	0	0	0	0	0	0	0	0	0	0	0	0	0	0	0	0	0	0	0	0	0	0	0	0	0	0	0	0	0	0	0	0	0	0	0	0	0	0	0	0	0	0	0	0	0	0	0	0	0	0	0	0	0	0	0	0	0	0	0	0	0	0	0	0	0	0	0	0	0	0	0	0	0	0	0	0	0	0	0	0	0	0	0	0	0	0	0	0	0	0	0	0	0	0	0	0	0	0	0	0	0	0	0	0	0	0	0	0	0	0	0	0	0	0	0
b1_22_6	548	242	2303	1079	0	0	93	270	0	67	0	0	0	0	0	0	33	0	20	0	0	0	0	10	0	0	0	115	71	18	20	0	0	14	27	0	0	0	0	0	0	21	0	0	0	846	0	0	0	0	0	0	0	0	0	0	0	0	0	0	0	33	0	0	0	0	0	0	0	0	0	13	14	0	0	21	0	0	0	22	0	0	0	0	0	0	0	0	0	0	0	0	0	0	0	0	0	0	0	0	0	0	0	0	0	0	0	0	0	0	0	0	0	0	0	0	0	0	0	0	0	0	0	0	0	0	0	0	0	0	0	18	0	0	0	0	12	0	0	0	0	0	18	0	0	0	0	0	0	0	17	0	0	0	0	0	0	0	0	0	0	0	0	0	0	0	0	0	0	0	0	0	0	0	0	0	0	0	0	0	0	0	0	0	0	0	0	0	0	0	0	0	0	0	0	0	0	0	0	0	0	0	0	0	0	0	0	0	0	0	0	0	0	0	0	0	0	0	0	0	0	0	0	0	0	0	0	0	0	0	0	0	0	0	0	0	0	0	0	0	0	0	0	0	0	0	0	0	0	0	0	0	0	0	0	0	0	0	0	0	0	0	0	0	0	0	0	0	0	0	0	0	0	0	0	0	0	0	0	0	0	0	0	0	0	0	0	0	0	0	0	0	0	0	0	0	0	0	0	0	0	0
b1_22_7	1726	513	470	203	0	0	98	0	0	19	0	0	11	17	24	0	50	0	146	0	0	0	0	32	0	0	0	748	38	0	0	19	0	62	64	0	0	0	0	0	18	46	0	0	0	277	0	0	0	32	0	0	0	0	0	0	0	0	0	32	0	114	0	0	43	0	0	0	0	0	839	25	0	0	0	18	0	0	0	189	0	0	0	0	0	0	0	0	0	0	0	0	0	0	40	0	0	0	0	0	65	0	0	0	0	0	0	0	0	0	45	0	0	11	0	0	0	0	0	42	0	0	0	0	0	0	0	0	0	0	0	13	0	0	0	0	14	0	0	0	0	0	177	0	0	0	0	0	0	0	203	0	0	0	42	0	0	0	0	0	0	0	0	0	0	0	0	0	0	0	0	0	0	0	0	0	0	0	0	0	0	0	0	0	0	0	0	0	0	0	0	0	0	0	0	0	0	0	0	0	0	83	0	0	0	0	0	0	0	0	0	0	0	0	0	0	0	0	0	0	0	0	0	0	0	0	0	0	0	0	0	0	0	0	0	28	0	0	21	0	0	0	0	0	0	0	0	0	0	0	19	0	0	0	0	27	0	0	0	0	0	0	0	0	0	0	0	0	0	0	0	15	0	0	0	0	14	0	0	0	0	0	0	0	13	0	0	0	12	0	0	0	0	0	0	0	0	0	0	0	0	0
b1_4_1	2042	429	609	3804	0	0	254	0	0	88	0	0	0	0	0	0	0	0	232	0	0	0	0	540	0	0	0	17	0	38	12	0	0	60	22	0	0	0	0	0	0	0	0	0	0	0	0	0	0	54	0	0	0	0	0	0	0	0	0	0	0	160	0	0	0	0	0	0	0	0	0	68	13	0	0	0	0	0	0	0	0	0	0	0	0	0	0	0	0	0	0	0	0	0	0	0	0	0	0	0	0	0	0	0	0	0	0	0	0	0	0	0	0	0	0	0	0	0	0	0	88	0	0	0	0	0	0	0	0	0	0	10	0	0	0	0	0	0	0	0	0	0	45	0	0	0	0	0	0	0	0	0	0	0	0	0	0	20	0	0	0	0	0	25	0	0	0	0	0	0	0	0	0	0	0	0	0	0	0	0	0	0	0	0	0	0	0	0	0	0	0	0	0	0	0	0	0	0	0	0	0	0	0	0	0	0	0	0	0	0	0	0	0	0	0	0	0	0	0	0	0	0	0	0	0	0	0	0	0	0	0	0	0	0	0	0	0	0	0	0	0	0	0	0	0	0	0	0	0	0	0	0	0	0	0	0	0	0	0	13	0	0	0	0	0	0	0	0	0	0	0	0	0	0	0	0	0	0	0	0	0	0	0	0	0	0	0	0	0	0	0	0	0	0	0	0	0	0	0	0	0	0
b1_4_2	1819	1457	168	829	290	0	65	0	0	23	0	0	0	0	0	0	0	0	48	0	14	0	55	30	0	0	0	57	0	27	86	0	33	15	30	0	0	0	0	0	0	0	0	0	0	965	0	0	0	84	0	0	0	0	0	0	0	0	0	13	0	95	15	0	0	0	0	0	0	0	0	18	54	0	0	0	0	0	0	19	0	0	0	0	0	0	0	0	0	0	0	0	0	0	0	0	0	0	0	0	0	0	0	0	0	0	0	0	0	0	0	0	0	0	0	0	0	0	0	0	0	0	0	0	0	0	0	0	0	0	0	0	0	0	0	0	0	0	0	0	0	0	11	0	0	0	0	12	0	0	0	0	0	0	0	16	0	0	0	0	0	0	0	0	0	0	0	0	0	0	0	0	0	0	0	0	0	0	0	0	0	16	0	0	0	0	0	0	0	0	0	0	0	0	0	35	0	0	0	0	0	0	0	0	0	0	0	0	0	0	0	0	0	0	0	0	0	0	0	0	0	0	0	0	0	0	0	0	0	0	0	0	0	0	0	0	0	0	0	0	0	0	0	0	0	0	0	0	0	0	0	0	0	0	0	0	0	0	0	0	0	0	0	0	0	0	0	0	0	0	0	0	0	0	0	0	0	0	0	0	0	0	0	0	0	0	0	0	0	0	0	0	0	0	0	0	0	0	0	0	0	0
b1_4_3	3914	550	532	158	189	0	62	19	0	22	0	0	0	20	45	0	326	0	106	0	44	0	0	88	0	0	0	137	0	28	0	0	88	36	36	0	13	0	0	0	35	252	0	0	0	0	22	0	0	0	0	0	0	0	0	0	0	0	0	0	0	81	0	0	25	24	0	18	0	0	58	22	0	0	0	155	0	0	0	0	0	0	0	0	0	0	0	0	0	0	0	0	0	0	0	0	0	0	0	0	26	0	0	0	0	0	0	0	0	25	0	0	0	94	0	0	0	0	0	0	17	0	0	0	0	0	0	0	0	0	0	47	0	0	0	0	96	0	0	0	0	0	0	0	0	0	0	0	0	0	0	0	0	0	0	0	0	0	0	0	0	0	0	0	0	0	0	0	0	0	16	0	0	0	0	0	0	0	0	0	0	0	0	0	0	0	0	0	0	63	0	0	0	0	0	0	0	0	0	0	0	0	0	0	31	0	0	0	0	0	0	0	0	0	21	0	0	0	0	0	0	0	0	0	0	0	0	0	0	0	0	0	0	0	0	0	0	0	0	0	0	0	0	0	0	0	0	0	0	0	0	0	0	0	0	0	0	0	0	0	0	0	0	0	18	0	0	0	0	0	0	0	0	0	0	0	0	0	0	0	0	0	0	0	0	0	0	0	0	0	0	0	0	0	11	0	0	0	0	0	0	0
b1_4_6	428	711	199	690	0	0	103	116	0	0	0	0	0	0	0	0	0	0	21	23	0	0	27	0	0	0	0	203	0	22	30	0	0	18	12	0	0	0	0	0	0	0	0	0	0	60	0	0	0	14	0	0	0	0	0	0	0	0	0	0	0	15	0	0	0	0	0	0	0	0	0	0	11	0	0	0	0	0	0	279	0	0	0	0	0	0	0	0	0	0	0	948	0	0	0	0	0	0	0	0	27	0	0	0	0	0	0	0	0	0	38	0	0	0	0	0	0	0	0	0	0	0	0	0	0	0	0	0	0	0	0	0	0	0	0	0	0	0	0	0	0	0	20	0	0	0	0	0	0	0	29	0	0	0	0	0	0	0	0	0	0	0	0	0	0	0	0	0	0	0	0	0	0	0	0	0	0	0	0	0	0	0	0	0	0	0	0	0	0	0	0	0	0	0	0	0	0	0	0	0	0	0	0	0	0	0	0	0	0	0	0	0	0	0	0	0	0	0	0	0	0	0	0	0	0	0	0	0	0	0	0	15	0	0	0	0	0	0	0	0	0	0	0	0	0	0	0	0	0	0	0	0	0	0	0	0	0	0	0	0	0	0	0	0	0	0	0	0	0	0	0	0	0	0	0	0	0	0	0	0	0	0	0	0	0	0	0	0	0	0	0	0	0	11	0	0	0	0	0	0	0	0
b1_4_7	492	769	955	1592	48	0	168	0	0	66	0	0	0	21	0	0	0	0	21	0	0	0	47	0	28	0	0	30	43	24	94	0	0	13	0	0	0	0	0	0	0	0	0	0	0	0	0	0	0	0	0	0	0	0	0	0	0	0	0	0	0	51	0	0	0	0	0	0	0	0	0	0	27	0	0	0	0	0	0	23	0	0	0	0	0	0	0	0	0	0	0	0	0	0	0	0	0	0	0	0	0	0	0	0	0	0	0	0	0	0	0	0	0	0	0	0	0	0	0	0	0	0	0	0	0	0	0	0	0	0	0	0	0	0	0	0	0	0	0	0	0	0	0	0	0	0	0	0	0	0	0	0	0	0	0	0	0	0	0	0	0	0	0	0	0	0	0	0	0	0	0	0	0	0	0	0	0	0	0	0	0	0	0	0	0	0	0	0	0	0	0	0	0	0	0	0	0	0	0	0	0	0	0	0	0	0	0	0	0	0	0	0	0	0	0	0	0	0	0	0	0	0	0	0	0	0	0	0	0	0	0	0	0	0	0	0	0	0	0	0	0	0	0	0	0	0	0	0	0	0	0	0	0	0	0	0	0	0	0	0	0	0	0	0	0	0	0	0	0	0	0	0	0	0	0	0	0	0	0	0	0	0	0	0	0	0	0	0	0	0	0	0	0	0	0	0	0	0	0	0	0	0
b1_8_1	302	141	1388	2151	11	0	193	0	0	32	0	0	0	25	0	0	19	0	26	0	0	0	0	30	0	0	0	36	44	0	0	0	12	20	13	0	0	0	0	0	0	0	0	0	0	13	0	0	0	0	0	0	0	0	0	0	0	0	0	0	0	25	0	0	0	0	0	0	0	0	0	10	0	0	0	0	0	0	0	0	0	0	0	0	0	0	0	0	0	0	0	0	0	0	0	0	0	0	0	0	0	0	0	0	0	0	0	0	0	0	0	0	0	0	0	0	0	0	0	0	0	0	0	0	0	0	0	0	0	0	0	0	0	0	0	0	0	0	0	0	0	0	28	0	0	0	0	0	0	0	0	0	0	0	0	0	0	0	0	0	0	0	0	0	0	0	0	0	0	0	0	0	0	0	0	0	0	0	0	0	0	0	0	0	0	0	0	0	0	0	0	0	0	0	0	0	0	0	0	0	0	0	0	0	0	0	0	0	0	0	0	0	0	0	0	0	0	0	0	0	0	0	0	0	0	0	0	0	0	0	0	0	0	0	0	0	0	0	0	0	0	0	0	0	0	0	0	0	0	0	0	0	0	0	0	0	0	0	0	0	0	0	0	0	0	0	0	0	0	0	0	0	0	0	0	0	0	0	0	0	0	0	0	0	0	0	0	0	0	0	0	0	0	0	0	0	0	0	0	0	0	0
b1_8_2	13	66	397	255	18	0	65	0	0	58	0	69	15	0	0	0	185	0	0	0	25	0	0	0	0	0	0	0	0	0	13	113	0	0	54	0	0	0	0	0	0	38	18	0	43	0	15	0	0	0	0	67	0	0	0	16	0	0	0	0	0	0	0	0	73	0	13	0	0	0	0	0	0	14	0	0	23	0	0	0	0	18	0	0	0	0	0	47	0	0	0	0	0	0	22	0	0	0	0	0	0	0	0	0	0	0	0	0	0	0	0	0	0	0	0	0	0	0	0	0	0	0	18	0	0	0	0	0	0	0	0	30	0	0	27	0	0	0	0	128	24	0	0	0	0	0	0	0	0	0	0	0	0	0	0	0	0	0	0	0	0	0	0	0	0	0	0	17	0	0	0	0	0	0	0	0	0	0	0	0	0	0	0	0	0	0	0	0	0	0	0	0	0	0	0	0	0	0	0	0	0	0	0	0	0	0	0	0	0	0	0	0	0	0	0	0	0	0	0	0	0	0	0	0	0	0	0	0	0	0	0	0	0	0	0	0	0	0	0	0	0	0	0	0	0	0	0	0	0	0	0	0	0	0	0	0	0	0	0	0	0	0	0	0	0	0	0	0	0	0	0	0	0	0	0	0	0	0	0	0	0	0	0	0	0	0	0	0	0	0	0	0	0	0	0	0	0	0	0	0	0	0
b1_8_3	1652	865	81	142	34	15	31	0	0	15	0	0	0	20	16	0	0	0	150	0	0	0	45	223	0	0	0	15	187	80	46	0	25	86	23	0	0	0	0	0	0	32	0	0	0	0	10	0	0	0	0	0	0	0	0	0	0	0	0	0	0	42	0	0	0	0	0	0	0	0	0	36	17	0	0	21	0	0	0	0	0	0	10	0	0	0	0	0	0	0	0	0	0	13	0	0	0	0	0	0	0	0	0	0	0	0	0	14	0	0	0	0	0	0	0	0	0	0	0	0	0	0	0	0	0	0	0	0	0	0	0	0	0	0	0	0	0	0	0	0	0	0	0	0	0	0	0	0	0	0	0	0	0	0	0	0	0	0	0	0	0	0	0	0	0	0	0	0	0	0	0	0	0	0	0	0	0	0	0	0	0	0	0	0	0	0	0	0	0	0	0	0	0	0	0	0	0	0	0	0	0	0	0	0	0	0	0	0	0	0	0	0	0	0	0	0	0	0	0	0	0	0	0	0	0	0	0	0	0	0	0	0	0	0	0	0	0	0	0	0	0	0	0	0	0	0	0	0	0	0	0	0	0	0	0	0	0	0	0	0	0	0	0	0	0	0	0	0	0	0	0	0	0	0	0	0	0	0	0	0	0	0	0	0	0	0	0	0	0	0	0	0	0	0	0	0	0	0	0	0	0	0
b1_8_6	982	782	455	2429	10	0	379	99	0	26	0	0	0	13	23	0	38	0	79	66	0	11	0	36	0	0	0	141	185	50	27	0	0	43	27	0	0	0	0	0	0	62	0	0	0	19	13	0	0	29	0	0	0	0	0	0	0	0	0	0	0	80	0	0	0	0	0	0	0	0	0	16	0	0	0	35	0	0	0	0	0	0	83	0	14	0	0	0	0	0	0	0	0	29	0	0	0	0	0	0	36	0	0	0	0	0	0	0	0	0	0	0	0	0	0	0	0	0	0	0	0	0	0	0	0	0	0	0	0	0	0	10	0	0	0	0	12	0	0	0	0	0	37	0	0	0	0	0	0	0	0	0	0	0	0	0	0	0	0	0	0	0	0	0	0	0	0	0	0	0	0	0	0	0	0	0	0	0	0	0	0	0	0	0	0	0	0	0	0	0	0	0	0	0	0	24	0	0	0	0	0	0	0	0	0	0	0	0	0	0	0	0	0	0	0	0	0	0	0	16	0	0	0	0	0	0	0	0	0	0	0	0	0	0	0	0	0	0	0	0	0	0	0	0	0	0	0	0	0	0	0	0	0	0	0	0	0	0	0	0	0	0	0	0	0	0	0	0	0	0	0	0	0	0	0	0	0	0	0	0	0	0	0	0	0	0	0	0	0	0	0	0	0	0	0	0	0	0	0	0	0	0
b1_8_7	397	298	239	1979	77	0	235	0	0	169	0	0	0	127	58	0	0	0	17	0	0	15	18	30	0	0	0	0	326	17	39	0	0	0	13	0	0	0	0	0	0	23	0	0	17	0	0	0	0	0	0	0	0	0	0	0	0	0	0	0	0	16	0	0	0	0	0	0	0	0	0	0	23	0	0	0	0	0	0	13	0	0	0	0	0	0	0	0	0	0	0	0	0	0	0	0	0	0	0	0	0	0	0	0	0	0	0	0	0	0	0	0	0	0	0	0	0	0	0	0	0	0	0	0	0	0	0	0	0	0	0	0	0	0	0	0	0	0	0	0	0	0	0	0	0	0	0	0	0	0	0	0	0	0	0	0	0	0	0	0	0	0	0	0	0	0	0	0	0	0	0	38	0	0	0	0	0	0	0	0	0	0	0	0	0	0	0	0	0	0	0	0	0	0	0	0	0	0	0	0	0	0	0	0	0	0	0	0	0	0	0	0	0	0	0	0	0	0	0	0	0	0	0	0	0	0	0	0	0	0	0	0	0	0	0	0	0	0	0	0	0	0	0	0	0	0	0	0	0	0	0	0	0	0	0	0	0	0	0	0	0	0	0	0	0	0	0	0	0	0	0	0	0	0	0	0	0	0	0	0	0	0	0	0	0	0	0	0	0	0	0	0	0	0	0	0	0	0	0	0	0	0
b2_1_1	1010	654	2629	1438	237	372	2479	582	2071	731	88	719	26	149	116	231	144	341	36	60	196	63	91	0	19	128	61	302	307	17	55	36	0	0	28	0	41	163	0	0	19	35	13	45	36	15	81	121	86	16	0	39	61	44	0	78	110	0	0	63	0	0	0	0	14	0	46	0	47	14	24	0	46	0	0	0	14	11	33	0	0	75	0	17	20	0	20	0	37	0	0	0	0	0	0	0	0	46	16	0	0	0	0	19	0	0	0	0	0	0	0	0	0	0	0	0	18	0	0	0	0	0	0	14	0	26	0	17	0	13	21	0	0	0	0	0	0	0	0	0	0	0	0	0	0	0	0	0	0	0	0	0	0	0	0	0	0	0	0	17	0	0	0	0	0	0	0	0	0	0	0	0	0	0	0	0	0	0	0	0	0	0	0	0	0	0	0	0	0	0	0	0	17	0	0	0	0	0	0	0	0	0	0	0	0	0	0	0	0	0	0	0	0	0	0	0	0	0	0	0	0	0	0	0	0	0	0	0	0	0	0	0	0	0	0	0	0	0	0	0	0	0	0	0	0	0	0	0	0	0	0	0	0	0	0	0	0	0	0	0	0	0	0	0	0	0	0	0	0	0	0	0	0	0	0	0	0	0	0	0	14	0	0	0	0	0	0	0	0	0	0	0	0	0	0	0	0	0	0	0	0	0
b2_1_2	328	742	2047	182	253	599	878	471	853	1232	62	387	526	77	67	184	610	274	38	91	409	102	31	12	0	363	53	15	18	16	74	39	0	27	219	0	35	143	0	0	15	153	66	40	111	0	148	65	32	0	0	54	35	74	0	46	178	26	180	88	0	0	0	11	127	55	20	115	45	15	0	0	41	86	0	62	38	17	20	0	96	71	0	92	29	0	102	30	120	24	0	0	47	0	30	0	0	30	21	28	0	23	0	0	91	69	0	0	37	29	0	103	0	11	0	41	0	27	30	94	21	0	15	20	0	33	0	17	79	19	0	0	22	22	0	16	20	41	0	14	0	17	0	0	0	0	13	0	14	0	0	0	0	23	0	0	72	0	0	0	25	17	0	0	0	0	0	0	0	0	0	0	18	0	0	0	0	0	0	0	0	0	20	0	15	0	0	0	0	0	0	0	0	0	0	0	0	0	0	0	0	0	0	0	0	0	0	0	0	0	0	0	0	0	0	0	0	0	0	0	0	0	0	0	0	0	0	0	0	20	0	0	0	0	0	0	0	0	0	0	0	0	0	0	0	0	0	0	0	0	0	0	0	0	0	0	0	0	0	0	0	0	0	0	0	0	0	0	0	0	0	0	0	0	0	0	0	0	0	0	0	0	0	0	0	0	0	0	0	0	0	0	0	0	0	0	0	0	0	0	0	0
b2_1_3	787	1286	2289	895	216	1982	365	776	2780	923	198	1217	43	222	122	700	350	170	25	78	296	259	97	12	0	128	87	255	118	31	131	41	30	0	60	0	18	0	0	0	39	34	45	51	99	18	80	133	99	0	0	35	60	233	0	16	13	33	12	86	0	25	0	0	61	0	272	31	38	50	23	0	55	19	489	13	0	337	0	0	58	36	0	68	12	0	63	0	64	0	0	0	0	0	34	11	21	31	23	28	17	38	0	33	0	17	0	0	16	0	0	20	0	0	18	0	0	14	13	13	0	0	11	25	0	63	0	21	23	22	0	0	17	0	0	0	0	0	0	0	17	18	0	24	0	0	0	0	0	0	0	15	0	0	0	0	0	0	0	10	0	13	0	0	0	0	0	0	0	15	0	0	16	0	0	24	0	0	0	0	0	0	0	0	0	0	0	0	0	0	0	0	17	0	0	0	0	0	41	0	0	0	0	0	0	0	0	0	0	0	0	0	0	0	0	0	0	0	0	0	0	0	0	0	15	0	0	13	0	0	0	0	0	0	0	0	0	0	0	0	0	0	0	0	0	0	0	0	0	0	0	0	0	0	0	0	0	0	0	0	0	0	0	0	0	0	0	0	0	0	0	0	0	0	0	0	0	0	0	0	0	0	0	0	0	0	0	0	0	0	0	0	0	0	0	0	0	0	0	0	0	0
b2_1_4	631	889	2688	2202	1329	3289	1332	2066	1954	1098	88	1600	28	64	52	802	73	287	78	475	242	76	52	26	30	1353	49	108	0	45	35	19	60	93	37	14	0	107	0	0	15	31	27	110	93	50	76	134	303	17	10	44	269	47	0	0	416	18	0	62	0	0	0	10	0	0	266	0	206	28	32	0	99	19	0	18	0	29	0	68	44	14	0	20	114	0	31	0	48	0	13	0	0	0	0	0	23	26	50	37	20	0	0	30	0	0	0	0	0	0	13	0	29	0	0	0	0	23	0	0	0	12	0	0	0	52	0	29	0	13	0	0	21	0	0	0	0	0	0	0	0	0	0	24	0	0	0	0	0	0	0	20	24	19	0	0	0	0	0	0	0	0	0	0	0	0	0	0	0	0	0	0	0	0	0	19	0	0	0	0	0	0	0	0	0	0	0	33	0	0	0	0	18	0	0	0	46	0	14	0	0	0	22	0	0	0	0	0	0	0	0	0	0	0	0	0	0	0	0	14	0	13	0	0	0	0	0	0	0	0	0	0	0	0	0	0	0	0	0	0	0	0	0	0	0	0	0	0	0	0	0	0	0	0	0	0	0	0	0	0	0	0	0	0	0	0	0	0	0	0	0	0	0	0	0	0	0	0	0	0	0	0	0	0	0	0	0	0	0	0	0	0	0	0	0	0	0	0	0	0	0	0
b2_1_5	861	1773	2180	954	593	749	1804	726	666	490	95	1064	2957	139	88	168	824	282	77	92	414	169	105	41	143	263	65	49	122	51	259	136	13	93	211	52	39	12	0	0	26	135	75	70	193	39	132	75	44	16	0	87	61	61	11	37	34	40	227	56	0	0	0	0	200	142	31	97	48	80	0	0	54	153	0	47	72	76	0	19	172	74	0	84	41	0	123	43	15	62	0	0	0	12	44	20	36	46	18	11	29	32	93	0	66	112	0	0	48	57	0	211	0	25	0	42	33	0	39	69	44	28	65	0	0	28	0	19	61	42	33	0	45	63	17	21	16	82	18	0	21	72	0	14	0	16	14	0	20	0	0	0	0	0	23	0	0	0	40	33	0	45	0	0	0	0	0	0	0	0	0	0	18	0	0	0	0	0	0	0	0	0	24	20	14	0	0	0	0	0	32	0	0	0	0	0	0	0	0	0	13	0	0	0	0	19	0	0	0	15	0	0	12	0	0	16	0	0	0	0	0	0	0	0	0	0	0	14	0	16	0	0	0	0	0	0	0	0	0	0	0	0	16	0	0	0	0	0	0	0	0	13	0	0	0	0	0	0	0	0	0	0	0	0	0	0	0	0	0	0	0	0	0	0	0	0	0	0	0	0	0	0	0	0	0	0	0	0	0	0	0	0	0	0	0	0	0	0	0	0	0	0
b2_11_1	251	566	601	1346	219	344	402	179	220	331	35	206	17	23	15	103	124	324	18	142	104	30	25	0	0	38	33	18	0	0	19	56	27	0	17	0	0	74	0	0	20	0	0	27	33	18	0	57	0	0	0	0	46	26	0	19	74	0	79	20	0	25	0	79	0	0	19	0	22	0	0	0	23	0	0	0	38	0	13	0	17	0	0	0	35	0	34	22	22	0	0	0	54	0	0	0	14	0	0	0	17	17	0	0	0	0	0	0	0	0	0	0	0	0	0	0	0	0	14	0	0	0	0	0	0	0	0	0	0	0	0	0	0	0	0	0	0	0	0	0	0	0	0	0	0	0	0	0	0	0	0	0	0	0	0	0	18	0	0	0	0	0	0	21	0	0	0	0	0	0	0	0	0	0	0	0	0	0	0	0	0	0	0	0	0	0	0	0	0	0	0	0	0	0	0	0	0	0	0	0	0	0	0	0	0	0	0	0	0	0	0	0	0	0	0	0	0	0	0	0	0	0	0	0	0	0	0	0	0	0	0	0	0	0	0	0	0	0	0	0	0	0	0	0	0	0	0	0	0	0	0	0	0	0	0	0	0	0	0	0	0	0	0	0	0	0	0	0	0	0	0	0	0	0	0	0	0	0	0	0	0	0	0	0	0	0	0	0	0	0	0	0	0	0	0	0	0	0	0	0	0	0
b2_11_2	540	1316	2208	1518	1902	3005	338	257	534	1267	77	399	0	38	13	807	22	497	38	129	224	29	214	24	21	148	58	66	0	20	69	0	30	22	0	0	0	802	0	0	0	19	0	18	11	0	17	71	49	34	0	22	54	28	0	0	19	35	0	63	0	74	0	897	0	0	40	0	20	0	0	0	88	0	0	0	0	24	137	0	0	15	0	0	24	0	0	0	87	0	0	0	521	0	0	0	15	52	23	22	0	0	0	23	0	0	0	0	0	0	0	0	0	0	0	0	0	18	0	0	0	0	0	0	0	14	0	16	0	0	0	0	0	0	0	28	0	0	19	0	0	0	0	0	0	0	0	13	0	0	0	0	0	0	0	0	0	0	0	0	0	0	0	0	18	0	0	0	0	0	0	0	0	0	0	16	0	0	0	0	0	0	0	0	0	0	0	0	0	0	0	0	0	0	0	0	0	0	0	0	0	0	0	0	0	0	0	0	0	0	0	0	0	0	0	0	0	0	0	0	0	0	0	0	0	0	18	0	0	0	0	0	0	0	0	0	0	0	0	0	0	0	0	0	0	0	0	0	0	0	0	0	0	0	0	0	0	0	0	0	0	0	0	0	0	0	0	0	0	0	0	0	0	0	0	0	0	0	0	0	0	0	0	0	0	0	0	0	0	0	0	0	0	0	0	0	0	0	0	0	0	0
b2_11_3	867	2316	3076	1566	235	3616	942	508	1737	1329	159	834	200	531	349	34	227	306	62	199	949	92	510	29	17	179	134	198	19	25	147	89	18	21	54	18	64	10	0	0	59	36	39	47	91	35	153	102	250	41	0	111	125	213	0	47	0	39	64	262	0	25	11	0	16	22	126	40	65	88	19	0	37	34	105	0	22	152	0	0	19	46	0	69	68	0	44	47	235	33	26	0	0	0	31	14	51	74	42	71	34	55	44	31	24	16	57	0	34	26	0	20	0	0	48	28	0	52	40	24	0	23	17	14	0	41	0	57	0	53	18	0	18	0	19	0	12	0	0	0	11	0	0	49	0	0	0	0	40	38	0	39	0	47	0	0	0	20	0	13	15	15	0	15	35	0	0	0	0	17	0	0	0	0	11	23	0	20	0	0	0	0	0	0	15	0	0	0	0	0	0	0	15	0	0	0	0	0	0	0	0	0	0	0	0	0	0	23	0	0	0	0	0	0	0	0	0	0	0	0	0	0	0	0	19	0	0	0	0	0	0	0	0	0	0	0	0	0	0	0	0	0	0	0	0	0	0	0	0	0	0	0	0	0	0	0	0	0	0	0	0	0	0	0	0	0	0	0	0	0	0	0	0	0	0	0	0	0	0	0	0	0	0	0	0	0	0	0	0	0	0	0	0	0	0	0	0	0	0	0	0	0
b2_11_4	846	2816	2867	985	981	989	555	944	1329	921	78	389	483	131	59	54	201	868	64	175	257	72	1053	15	28	109	61	137	16	31	216	71	143	27	73	41	21	21	0	0	22	48	26	33	69	39	103	235	131	26	11	19	89	121	0	50	23	28	22	69	0	42	0	0	40	19	116	35	29	48	17	13	48	41	13	17	18	97	14	85	49	96	0	16	47	0	44	0	36	12	0	0	0	0	13	0	18	33	46	27	26	16	10	25	14	0	70	0	17	0	0	20	0	0	19	0	0	19	0	0	0	0	0	0	0	35	0	13	0	0	0	0	20	11	0	130	0	0	34	0	0	0	0	49	0	0	0	0	0	0	0	38	0	0	0	0	0	26	0	0	34	0	0	17	24	0	0	0	21	0	0	0	0	0	0	0	0	0	0	0	0	0	0	0	0	0	0	23	0	0	0	0	0	0	0	0	0	0	0	0	0	0	0	12	0	0	0	21	0	0	0	0	0	0	0	0	0	0	0	10	0	0	0	0	0	0	0	15	0	0	0	0	0	0	0	0	0	0	0	0	0	0	0	0	0	0	0	0	0	0	0	0	15	0	0	0	0	0	0	0	0	0	0	0	0	0	0	0	0	0	0	0	0	0	0	0	0	0	0	0	0	0	0	0	0	0	0	0	0	0	0	0	0	0	0	0	0	0	0	0	0	0
b2_11_5	798	2691	2511	1046	758	1597	668	1032	1199	1090	115	529	446	181	97	376	236	452	101	212	181	82	181	36	26	108	110	86	20	41	224	48	83	65	78	31	0	202	0	0	12	60	44	64	103	33	66	83	64	61	0	49	50	54	16	39	124	18	132	34	0	36	0	314	55	62	115	58	52	50	14	21	45	81	20	19	46	35	448	21	83	57	0	50	68	0	92	0	24	24	16	0	0	0	16	0	34	162	70	58	26	25	22	0	30	33	0	0	18	0	0	29	0	22	0	20	40	50	43	35	16	33	0	20	15	27	0	34	30	0	0	0	27	0	13	0	0	24	24	0	0	15	0	0	0	22	0	0	0	0	0	21	0	31	24	0	25	0	0	0	0	30	0	0	12	0	0	56	0	0	0	0	0	0	0	0	0	0	0	0	0	0	0	0	20	0	0	15	0	0	0	0	0	0	0	0	0	0	0	32	0	0	0	10	0	0	18	0	0	0	0	0	0	0	0	0	0	0	0	0	0	0	0	0	0	0	10	0	0	0	0	0	0	0	0	0	0	0	0	0	0	0	0	0	0	0	0	0	0	0	0	0	0	0	0	0	0	0	0	0	0	0	0	0	0	0	0	0	0	0	0	0	0	0	0	0	0	0	0	0	0	0	0	0	0	0	0	0	0	0	0	0	0	0	0	0	0	0	0	0	0	0
b2_15_1	547	1690	1996	1126	417	1444	887	908	789	1149	90	289	3692	114	94	190	301	579	155	186	278	59	71	122	122	92	81	70	14	36	97	232	80	80	134	29	25	27	0	0	24	66	48	50	157	42	79	94	109	54	10	43	88	89	14	136	121	17	181	49	0	43	0	0	147	68	53	48	40	15	0	29	39	89	0	32	180	22	15	0	146	29	0	35	83	0	64	54	48	43	10	0	0	14	29	16	0	28	41	18	34	33	40	13	118	49	11	0	33	44	0	109	0	47	26	33	46	23	36	12	27	26	11	0	0	23	0	31	67	14	35	11	33	29	45	14	23	15	34	0	17	32	0	21	35	39	12	0	53	13	0	0	0	0	0	0	17	0	0	0	35	26	22	0	13	0	0	69	0	18	26	0	0	0	0	0	0	0	0	0	0	0	0	0	0	17	0	0	0	0	13	0	0	0	0	0	0	0	14	0	0	0	0	0	0	0	0	0	0	19	0	0	0	0	0	0	0	0	0	0	0	0	0	0	0	0	0	0	0	14	0	0	0	0	11	0	0	0	0	0	0	0	0	0	0	0	0	0	0	0	0	0	0	0	0	0	0	0	0	0	0	0	0	0	0	0	0	0	0	0	0	0	0	0	0	0	0	0	0	0	0	0	0	0	0	0	0	0	0	0	0	0	0	0	0	0	0	0	0	0	0	0
b2_15_2	281	1399	1488	338	385	806	213	79	621	678	97	1357	1031	291	92	185	977	459	37	132	557	117	267	15	0	545	81	14	0	18	130	560	20	31	126	0	59	0	0	0	41	126	75	57	221	0	0	90	29	28	0	295	36	67	0	476	38	47	38	131	0	0	0	0	82	71	85	111	45	39	0	0	21	84	24	36	181	61	38	0	89	56	0	80	52	0	64	127	126	23	15	0	0	0	58	16	24	30	33	10	0	71	17	21	64	85	0	0	49	100	0	25	0	0	54	96	63	11	0	53	15	32	40	25	0	24	0	18	25	59	77	0	26	28	29	17	15	32	105	0	39	31	0	16	35	36	0	0	18	0	0	19	0	0	0	20	0	0	0	23	28	22	0	0	0	0	0	0	0	16	0	0	27	0	13	0	22	20	0	0	0	0	16	21	0	0	0	0	0	0	13	0	0	0	0	0	0	0	20	0	20	0	0	0	0	13	0	12	0	25	0	0	22	0	0	25	17	0	0	0	0	0	0	0	0	0	0	0	0	0	0	0	0	12	0	0	0	0	0	0	0	0	0	0	0	0	0	0	13	0	0	0	0	0	0	0	0	0	0	0	0	0	0	0	0	0	0	0	0	0	0	0	0	0	0	0	0	0	0	0	0	0	0	0	0	0	0	0	0	0	0	0	0	0	0	0	0	0	0	0	0	0
b2_15_3	420	1166	1669	109	94	356	196	150	209	474	22	300	3398	28	0	213	145	129	120	78	180	0	50	20	0	0	0	14	0	35	125	254	0	31	29	0	0	0	0	0	0	34	18	20	63	0	0	62	53	0	0	51	26	62	0	0	0	19	28	20	0	0	0	0	54	61	160	49	23	11	0	0	13	20	0	14	26	28	0	0	40	13	0	39	23	0	26	0	29	333	0	0	0	0	26	0	15	31	17	0	29	28	148	0	78	16	0	0	34	44	0	181	0	64	0	65	0	0	0	0	71	25	64	0	0	0	0	40	0	17	0	0	33	19	0	0	0	0	39	0	0	31	0	13	18	0	0	0	0	0	0	0	0	0	0	0	0	0	0	0	20	0	0	0	0	0	0	0	0	0	42	0	0	0	0	0	0	17	0	0	0	0	22	15	0	0	0	0	0	0	0	0	0	0	0	0	0	0	0	0	0	0	0	0	0	0	0	0	0	0	0	0	0	0	0	0	0	0	0	0	0	0	0	24	0	0	0	0	0	0	0	0	0	0	0	0	0	0	0	0	0	0	0	0	0	0	0	0	0	0	0	0	0	0	0	0	0	0	0	0	0	0	0	0	0	0	0	0	0	0	0	0	0	0	0	0	0	0	0	0	0	0	0	0	0	0	0	0	0	0	0	0	0	0	0	0	0	0	0	0	0	0
b2_15_4	1228	1729	1280	1262	273	780	508	734	1637	376	82	899	183	358	160	0	252	105	45	187	210	126	341	19	14	202	62	156	94	40	125	253	115	26	90	0	36	0	0	0	17	57	29	35	169	27	215	185	110	0	0	33	78	116	0	23	0	31	30	30	0	0	0	0	17	12	142	34	64	62	14	19	39	77	0	24	36	177	0	0	54	15	0	34	25	0	39	25	15	0	0	0	0	0	27	0	20	24	15	24	30	19	0	14	19	18	52	0	46	24	0	0	0	13	0	0	21	0	0	14	0	30	15	0	0	18	0	36	0	16	0	0	19	18	0	82	0	0	0	0	0	0	0	22	0	0	0	0	0	0	0	24	0	0	23	0	0	0	0	17	30	13	0	0	12	0	0	0	0	0	0	0	0	0	0	16	0	0	0	0	0	0	0	0	0	0	0	0	0	0	0	0	0	0	0	0	0	0	0	0	0	0	0	22	0	0	0	0	0	0	0	0	0	0	0	20	0	0	0	0	0	0	0	0	0	0	0	0	0	0	0	0	0	0	0	0	0	0	0	0	0	0	0	0	0	0	0	0	0	11	0	0	14	0	0	0	0	0	0	0	0	0	0	0	0	0	0	0	0	0	0	0	0	0	0	0	0	0	0	0	0	0	0	0	0	0	0	0	0	0	0	0	0	0	0	0	0	0	0	0	0	0
b2_15_5	135	354	2835	407	322	2486	2013	462	453	1187	86	414	251	100	95	28	314	453	19	49	133	57	61	0	0	161	72	37	87	12	22	137	10	22	34	27	0	70	0	0	0	53	12	47	120	0	52	32	71	0	0	28	50	30	0	44	185	0	10	28	0	24	0	0	70	20	37	27	40	35	0	0	27	0	0	20	32	26	122	0	22	0	0	20	25	0	13	0	15	0	0	0	0	0	17	0	25	60	56	18	16	10	14	0	20	25	0	0	0	13	11	0	0	0	0	17	0	10	16	16	0	17	0	15	16	15	0	0	30	0	0	0	17	15	0	0	0	0	0	0	0	16	0	0	0	0	0	0	0	0	0	0	0	0	0	0	0	0	0	0	0	0	0	0	20	0	0	0	0	0	0	0	0	0	0	12	0	0	0	0	0	0	0	0	0	0	0	10	17	0	0	0	0	0	0	0	0	0	0	0	0	0	0	0	0	0	0	0	0	0	0	0	0	0	0	0	0	0	0	0	0	0	0	0	0	0	0	0	0	0	0	0	0	0	0	0	0	0	0	0	0	0	0	0	0	0	0	0	0	0	0	0	0	0	0	0	0	0	0	0	0	0	0	0	0	0	0	0	0	0	0	0	0	0	0	0	0	0	0	0	0	0	0	0	0	0	0	0	0	0	0	0	0	0	0	0	0	0	0	0	0	0
b2_18_1	868	2679	3191	964	407	2523	1088	1430	783	2088	152	182	397	129	90	24	147	782	79	112	104	63	124	35	71	39	210	390	13	28	105	145	0	39	53	0	22	12	0	0	30	78	36	37	38	19	64	58	144	97	0	34	81	98	21	34	67	25	92	37	0	131	0	18	28	21	16	19	21	20	89	17	25	21	0	22	100	17	26	0	15	22	20	28	13	0	22	73	15	51	27	0	12	28	22	0	35	0	76	173	39	0	35	0	0	13	24	0	0	0	0	31	0	12	0	18	15	137	64	0	12	53	0	11	0	0	0	33	14	0	12	0	38	0	17	0	0	0	0	0	0	18	0	0	0	17	0	0	0	15	0	0	0	103	18	0	0	0	0	0	0	0	0	0	25	0	0	34	0	0	0	0	0	26	0	14	0	0	0	0	0	0	0	0	24	0	0	0	0	0	0	0	0	0	0	0	0	0	0	0	0	0	0	0	0	0	0	0	0	0	0	0	0	0	0	0	0	0	12	0	0	0	0	0	0	0	0	0	0	0	0	0	0	0	0	0	0	0	0	0	0	0	0	0	0	0	0	0	0	0	0	0	0	0	0	0	0	0	0	0	0	0	0	0	0	0	0	0	0	0	0	0	0	0	0	0	0	0	0	0	0	0	0	0	0	0	0	0	0	0	0	0	0	0	0	0	0	0	0	0	0	0
b2_18_2	282	1175	1413	241	508	1376	289	181	1182	711	85	1257	2072	308	85	538	576	304	84	93	424	48	203	15	29	177	62	63	39	20	89	239	37	45	110	0	34	340	0	0	19	57	66	86	231	0	27	94	75	20	17	430	53	146	0	16	56	46	135	74	0	13	0	389	19	354	37	123	29	79	0	0	27	141	0	0	14	77	703	0	112	54	0	182	37	0	99	197	58	158	0	0	257	0	62	20	19	24	19	23	0	40	188	0	122	33	0	0	74	80	0	63	0	16	15	156	33	20	20	49	183	0	39	50	0	40	0	38	0	23	96	0	42	19	32	0	0	69	51	0	11	63	0	0	0	12	0	0	91	14	0	21	0	12	0	10	15	0	0	0	17	32	0	0	0	0	0	0	0	16	0	0	19	0	0	0	0	36	0	0	0	0	0	25	0	15	0	0	0	0	25	0	0	0	0	0	0	10	0	69	15	17	0	0	0	33	0	14	0	13	0	0	12	0	0	28	13	0	21	0	0	0	0	26	0	0	0	0	0	0	20	0	0	0	0	0	0	0	0	0	0	0	0	0	0	0	0	0	0	0	0	18	0	0	0	0	0	0	0	0	0	0	0	0	0	0	0	0	0	0	0	0	0	0	0	0	0	0	0	0	0	0	0	0	0	0	0	0	0	12	0	0	0	0	0	0	11	0	0	0	0	0
b2_18_3	1201	5693	1819	565	347	662	400	570	635	965	143	254	182	80	50	151	133	51	95	60	111	40	523	30	60	50	121	89	162	56	319	61	0	36	40	12	11	16	0	0	17	48	23	43	23	12	47	51	37	52	14	32	78	30	19	0	11	52	44	33	0	26	0	0	28	0	19	26	31	20	0	0	31	13	76	17	0	0	20	0	27	15	0	19	30	14	17	0	19	37	20	0	0	0	0	0	0	26	32	16	21	21	22	0	23	0	0	0	0	0	0	19	0	0	0	16	26	16	31	0	13	0	0	0	16	11	0	0	17	15	92	0	0	0	0	0	0	14	0	0	0	14	0	27	0	0	0	0	0	0	0	29	0	0	0	0	0	0	0	0	14	0	0	0	19	0	0	0	0	0	0	0	0	0	0	0	0	0	0	0	0	0	0	0	0	0	0	0	0	0	0	0	0	0	0	0	0	0	0	0	0	0	0	0	0	0	0	0	0	0	0	0	0	0	0	0	0	0	0	0	0	0	0	0	0	0	0	11	0	0	0	0	0	0	0	0	0	0	0	0	0	0	0	0	0	0	0	0	0	0	0	0	0	0	0	0	0	0	0	0	0	0	0	0	0	0	0	0	0	0	0	0	0	0	0	0	0	0	0	0	0	0	0	0	0	0	0	0	0	0	0	0	0	0	0	0	0	0	0	0	0	0
b2_18_4	738	3388	1080	242	332	1068	239	490	1393	1023	108	912	277	298	114	58	429	65	145	46	182	50	1700	78	375	332	138	79	37	57	335	122	0	64	118	0	28	0	0	0	34	60	53	44	116	15	82	375	117	68	24	62	74	101	15	14	22	74	291	54	0	10	0	0	48	0	55	89	37	55	0	10	62	147	0	15	42	15	0	30	72	58	0	56	0	0	71	70	0	46	19	0	0	0	43	0	0	23	18	22	25	21	22	42	69	47	331	0	55	21	0	18	0	0	127	32	23	12	27	11	11	44	29	32	10	38	0	0	0	23	116	0	0	29	41	12	0	16	31	0	42	19	0	31	0	0	0	11	0	194	0	23	0	0	28	10	0	0	31	13	19	16	0	0	16	0	23	0	0	0	46	0	25	0	0	14	18	0	0	0	0	0	0	0	0	0	0	0	0	0	0	0	0	0	0	0	0	0	0	0	0	0	0	15	0	0	0	16	0	0	0	0	0	0	0	0	0	14	0	0	32	0	21	0	0	0	0	0	0	0	0	0	0	10	0	0	0	0	0	0	0	0	0	0	0	0	0	0	0	0	0	0	0	0	0	0	0	0	0	0	0	0	0	0	0	0	0	0	0	0	0	0	0	0	0	0	0	0	0	0	0	0	0	0	0	0	0	0	0	0	0	0	0	0	0	0	0	0	0	0	0	0
b2_18_5	509	1509	232	168	194	5239	308	441	833	103	192	860	984	1129	270	411	331	68	44	99	231	95	638	26	0	367	239	796	362	26	68	376	53	27	45	0	27	948	0	0	35	58	143	85	138	35	135	74	113	0	14	30	129	86	0	150	118	23	316	17	0	12	0	50	19	35	0	39	73	159	66	0	29	49	0	0	171	14	0	0	29	70	0	79	33	0	28	0	0	87	30	0	0	0	51	0	27	0	85	15	86	32	68	0	0	30	0	0	34	29	0	0	0	423	0	22	253	11	91	22	31	41	14	11	31	0	0	0	103	18	0	0	31	20	0	0	0	25	32	0	0	0	0	0	0	0	0	0	52	0	0	0	0	11	26	0	0	0	0	0	14	0	110	0	17	0	0	0	0	12	0	0	19	0	0	14	0	0	0	0	0	0	0	0	32	18	0	0	0	0	0	0	0	0	0	0	0	0	0	0	0	0	0	0	0	13	26	0	0	0	0	0	0	0	12	0	20	0	10	0	0	0	0	0	0	10	0	0	0	0	0	0	0	0	0	0	0	0	0	0	24	0	0	0	0	0	0	0	0	0	0	0	0	0	0	0	0	0	0	0	0	0	0	0	0	0	0	0	0	0	0	0	0	0	0	0	0	0	0	0	0	0	0	0	0	0	0	0	0	0	0	0	0	0	0	0	0	0	0	0	0	0
b2_22_1	251	472	2624	808	335	357	289	983	1139	1132	57	104	776	164	89	0	588	529	15	518	163	73	17	12	12	97	76	209	0	0	18	631	0	0	207	0	17	10	0	0	25	43	60	23	70	0	68	34	45	119	0	69	47	163	0	110	0	0	170	0	0	15	0	0	168	730	19	0	21	19	19	0	21	37	0	0	87	17	0	0	33	59	0	45	204	0	25	60	0	0	0	0	0	0	40	0	37	0	38	75	43	27	0	16	0	12	0	0	22	27	0	0	0	20	11	0	32	74	13	0	14	42	26	18	0	20	0	22	25	24	0	0	26	0	30	0	0	0	0	0	18	0	0	0	36	25	24	0	145	0	0	0	0	38	18	0	0	0	0	0	0	0	0	0	0	0	0	0	0	12	24	0	0	0	0	0	0	0	0	0	0	0	16	0	0	13	0	0	0	0	17	0	0	0	0	0	0	0	0	0	0	0	0	14	0	0	0	0	0	0	0	0	0	0	0	0	12	0	0	0	0	0	0	0	0	0	0	0	0	0	0	0	0	0	0	0	0	0	0	0	0	0	0	0	0	0	0	0	0	0	0	0	0	0	0	0	0	0	0	0	0	0	0	0	0	0	0	0	0	16	0	0	0	0	0	0	0	0	0	0	0	0	0	0	0	0	0	0	0	0	0	0	0	0	0	0	0	0	0	0	0	0
b2_22_2	212	686	295	36	1111	342	31	54	111	59	30	38	12	26	0	19	0	37	24	35	20	0	17	0	0	34	0	47	0	21	19	0	67	20	0	0	0	17	0	0	0	0	0	0	0	0	0	0	16	0	0	0	0	0	0	16	26	0	0	0	0	0	0	61	0	0	0	0	0	0	0	0	0	0	0	0	0	0	101	0	0	0	0	0	13	0	0	0	0	0	0	0	42	0	0	0	0	0	18	22	0	0	0	0	0	0	0	0	0	0	0	0	0	0	0	0	0	0	0	0	0	0	0	0	0	0	0	0	0	0	0	0	0	0	0	0	0	0	0	0	0	0	0	0	0	0	0	0	0	0	0	0	0	0	0	0	0	0	0	0	0	0	0	0	0	0	0	0	0	0	0	0	0	0	0	0	0	0	0	0	0	0	0	0	0	0	0	0	0	0	0	0	0	0	0	0	0	0	0	0	0	0	0	0	0	0	0	0	0	0	0	0	0	0	0	0	0	0	0	0	0	0	0	0	0	0	0	0	0	0	0	0	0	0	0	0	0	0	0	0	0	0	0	0	0	0	0	0	0	0	0	0	0	0	0	0	0	0	0	0	0	0	0	0	0	0	0	0	0	0	0	0	0	0	0	0	0	0	0	0	0	0	0	0	0	0	0	0	0	0	0	0	0	0	0	0	0	0	0	0	0	0
b2_22_3	913	3295	2178	245	137	503	209	208	393	756	125	128	390	28	39	115	70	154	69	50	86	0	280	72	54	16	170	42	0	34	213	166	14	33	63	0	0	87	0	0	0	20	20	38	31	0	17	54	63	18	14	24	87	31	14	34	0	33	38	32	0	35	0	0	39	37	11	20	23	0	0	0	15	0	45	0	19	0	0	0	0	0	0	0	0	27	19	14	0	47	27	0	0	0	0	0	0	25	62	0	20	16	43	0	34	0	0	0	0	11	0	35	0	0	0	0	25	0	60	0	0	24	0	13	13	0	0	23	66	0	0	0	0	0	0	0	0	22	15	0	0	16	0	15	0	0	0	0	0	0	0	17	0	0	0	0	0	0	0	0	27	0	89	0	15	0	0	0	0	0	26	0	0	0	0	0	0	0	0	0	0	0	0	0	21	0	0	0	0	30	0	0	0	0	0	0	0	0	0	0	0	0	0	0	0	0	0	0	0	0	0	0	0	0	0	0	0	0	0	0	0	0	0	0	0	0	0	0	0	0	0	0	0	0	0	0	0	0	0	0	0	0	0	0	0	10	0	0	0	0	0	0	0	0	0	0	0	0	0	0	0	0	0	0	0	0	0	0	0	0	0	0	0	0	0	0	0	0	0	0	0	0	0	0	0	0	0	0	0	0	0	0	0	0	0	0	0	0	0	0	0	0
b2_22_4	1084	4139	1453	495	272	991	840	466	866	685	78	575	434	284	129	77	325	128	139	101	264	89	268	73	26	94	82	381	75	44	376	143	17	70	156	50	39	78	0	0	45	74	59	31	85	32	121	164	63	29	16	42	63	70	20	28	26	74	243	55	0	56	0	32	51	37	56	47	31	54	41	0	30	55	11	25	29	18	33	14	27	21	0	33	36	0	36	30	29	146	13	0	19	0	23	27	15	32	44	14	32	30	190	13	79	45	200	0	38	17	0	29	0	37	62	73	29	16	87	42	27	21	19	0	0	16	0	15	0	17	58	0	19	17	32	38	0	36	22	0	0	23	0	20	0	0	0	0	0	144	0	15	0	0	21	0	0	22	0	0	23	0	0	0	0	0	0	0	0	0	0	0	0	0	0	0	0	0	0	0	0	0	0	0	22	0	0	0	0	0	0	0	0	0	0	0	0	0	0	0	0	0	0	0	0	0	0	0	0	0	0	0	0	0	0	0	0	0	0	0	0	0	0	16	0	0	0	0	0	0	0	0	0	0	0	0	0	0	0	0	0	0	0	0	0	19	0	0	0	0	0	0	0	0	0	0	0	0	0	0	0	0	0	0	0	0	0	0	0	0	0	0	0	15	0	0	0	0	0	0	0	0	0	0	0	0	0	0	0	0	0	0	0	0	0	0	0	0	0	0	0	0
b2_22_5	871	2612	1943	370	415	1806	1711	1126	2227	920	210	879	280	468	155	352	162	225	25	55	325	75	167	0	18	164	221	506	19	28	120	469	76	16	46	0	55	1225	0	0	60	44	65	88	184	0	49	131	92	42	28	30	32	78	14	67	108	20	90	30	0	25	0	181	11	18	113	28	80	54	38	0	19	100	0	19	0	18	42	18	30	66	0	89	27	0	26	18	0	27	34	0	83	0	28	0	0	28	31	21	17	36	30	0	0	13	272	0	56	100	0	0	0	0	25	31	0	0	43	16	22	25	72	28	51	27	91	0	0	36	0	0	20	15	0	0	0	16	0	0	0	0	0	0	10	16	0	0	0	0	0	16	0	0	0	0	0	0	0	0	0	0	0	0	16	0	0	0	0	16	40	0	0	0	0	0	12	25	0	0	0	0	0	24	0	19	0	0	0	0	0	0	0	0	0	0	0	0	0	27	17	0	0	0	0	16	0	0	0	16	0	0	0	0	0	0	0	0	0	0	0	0	0	0	0	11	0	0	0	0	0	0	0	0	0	0	0	0	0	0	0	0	0	0	0	0	0	0	0	0	0	0	0	0	0	0	0	0	0	0	0	0	0	0	0	0	0	0	0	0	0	0	0	0	0	0	0	0	14	0	0	0	0	0	0	0	0	0	0	0	0	0	0	0	0	0	0	0	0	0	0	0
b2_4_1	890	1390	3390	1682	463	1249	2959	640	773	1340	156	655	901	107	48	12	225	453	37	97	382	146	82	16	27	72	195	283	11	30	70	767	16	24	92	10	12	0	0	0	17	115	48	50	147	13	246	51	55	41	0	222	69	66	17	108	0	0	34	72	0	26	0	0	35	72	0	24	31	18	33	0	50	82	0	57	60	64	0	0	108	60	0	51	0	0	152	49	55	14	40	0	0	0	78	20	27	0	36	40	21	32	30	20	0	11	0	0	50	43	10	0	0	0	128	25	0	33	27	21	38	26	39	21	0	0	0	31	10	36	16	0	22	15	42	11	17	0	19	0	51	0	0	0	41	25	14	0	0	0	0	0	38	15	0	0	0	0	0	10	15	30	0	0	0	0	0	13	0	41	21	0	0	0	0	0	0	0	0	0	0	0	16	30	0	0	0	0	48	0	25	0	25	0	0	0	0	0	0	0	0	0	0	17	11	0	0	0	0	0	0	0	0	0	0	0	0	0	0	0	0	0	0	0	0	13	0	0	0	0	0	0	0	13	0	0	0	0	0	0	0	0	0	0	0	0	0	0	0	0	0	0	0	0	11	0	0	0	0	0	0	0	0	0	0	0	0	0	0	0	0	0	0	0	0	0	0	0	0	0	0	0	0	0	0	0	0	0	0	0	0	0	0	0	0	0	0	0	0	0	0	0
b2_4_2	329	536	1698	212	157	1616	389	124	1510	1039	177	1945	698	443	192	166	586	214	39	67	325	197	124	0	19	209	77	78	14	18	36	285	0	31	116	0	50	193	0	0	27	66	92	177	208	14	98	64	41	30	0	256	25	90	0	65	107	35	170	65	0	0	0	17	42	230	53	42	406	142	18	0	35	335	0	16	29	42	48	0	124	70	0	152	17	0	114	81	27	35	0	0	268	0	63	20	19	17	32	0	0	58	19	26	21	43	0	0	63	59	0	0	0	0	30	70	16	17	13	44	14	15	55	28	14	26	0	24	0	32	83	0	20	32	22	10	11	0	0	0	33	15	0	16	22	29	0	0	0	0	0	15	0	0	0	0	27	0	0	23	0	30	0	0	0	0	0	11	0	23	0	0	34	0	0	12	21	0	0	0	0	0	58	22	0	11	0	0	0	0	18	0	0	0	0	0	0	0	55	13	18	0	0	0	0	0	0	0	0	0	0	0	0	0	0	0	0	0	0	0	36	0	0	0	0	0	0	0	0	0	14	0	0	12	0	0	0	0	0	0	0	0	11	0	0	0	0	0	23	0	0	0	0	0	0	0	0	0	0	0	0	0	0	0	0	0	0	0	0	0	0	0	0	0	0	0	0	0	0	0	0	0	0	0	0	0	0	0	0	0	0	0	0	0	0	0	0	0	0	0	0	0
b2_4_3	881	1020	1736	667	243	3292	915	773	641	1031	373	1343	202	296	180	41	376	366	24	134	470	256	118	0	84	90	180	106	273	45	92	145	26	16	50	0	46	0	0	0	32	71	117	105	104	13	33	88	49	0	0	66	77	250	16	66	0	47	29	101	0	36	0	0	44	16	25	37	49	117	13	0	23	45	0	25	44	247	0	0	67	126	0	88	50	0	66	50	68	0	42	0	0	0	91	10	63	18	38	11	47	79	0	30	0	28	0	0	40	28	0	0	0	27	14	35	0	0	18	23	0	19	53	33	0	17	0	23	0	54	0	0	25	12	16	0	0	0	0	0	21	0	0	17	0	20	0	0	0	0	0	17	0	0	28	0	0	0	0	18	0	12	0	0	0	0	0	0	0	19	0	0	18	0	0	0	0	22	0	0	0	0	0	21	0	0	0	0	13	0	12	0	15	13	0	0	0	0	0	0	22	0	0	0	0	14	19	0	0	0	0	0	14	0	0	0	0	0	0	0	0	0	0	0	14	0	0	0	0	0	0	0	0	0	15	0	0	0	0	0	0	0	0	0	0	0	0	0	0	0	0	0	0	0	0	0	0	0	0	0	0	0	0	0	0	0	0	0	0	0	0	0	15	0	0	0	0	0	0	0	0	0	0	0	0	0	0	0	0	0	0	0	0	0	0	0	0	0	0	0	0	0
b2_4_4	499	864	2152	645	257	741	605	471	230	876	88	1394	694	134	117	14	643	270	68	36	343	135	100	21	26	46	38	56	102	23	90	762	18	20	158	0	39	0	0	0	11	56	92	57	232	0	76	80	81	18	0	119	36	184	0	505	0	17	33	60	0	10	0	0	133	60	25	47	24	64	10	0	19	34	0	0	371	152	0	18	73	43	0	83	0	0	76	44	23	15	0	0	0	0	136	12	53	26	0	0	39	106	0	27	12	71	0	0	55	41	0	0	0	54	20	29	111	0	10	26	11	44	39	0	0	0	0	46	62	32	0	0	46	0	20	80	0	0	24	0	35	15	0	0	125	44	43	0	0	0	0	0	0	0	15	0	0	0	0	75	17	17	11	0	0	0	0	0	0	34	0	0	36	0	0	18	0	30	0	0	0	0	20	19	0	23	0	0	40	0	10	0	0	23	31	0	0	0	0	0	16	0	0	12	0	13	13	0	0	18	0	0	22	0	0	0	18	0	0	0	0	0	0	0	14	0	0	0	0	0	0	0	0	0	0	0	0	0	0	0	0	0	0	13	0	0	0	0	0	0	0	0	0	0	0	0	0	0	0	0	0	0	0	19	0	0	0	0	0	0	0	0	0	0	0	0	0	0	0	14	0	0	0	0	0	0	0	0	0	0	12	0	0	0	0	0	0	0	0	0	10	0
b2_4_5	1507	2971	6212	1495	2815	1155	1500	1328	2107	1409	192	653	20	43	29	31	32	866	81	173	281	34	303	22	33	599	109	72	0	60	217	0	74	105	0	0	0	29	0	0	18	17	14	51	69	29	43	92	208	153	17	44	150	49	16	0	50	75	11	91	0	24	0	0	0	0	234	15	73	15	13	0	83	0	0	12	24	46	0	0	27	95	0	12	83	0	11	0	74	0	19	0	0	17	22	0	61	45	22	27	20	0	0	29	0	0	0	44	0	0	0	0	0	0	0	0	0	0	0	0	0	30	0	13	0	41	0	27	0	0	0	0	30	0	0	0	13	0	0	0	0	0	0	0	0	0	0	0	0	0	0	0	0	0	0	12	0	0	0	0	0	0	0	0	19	0	0	0	0	0	0	0	0	0	0	0	0	0	14	0	0	0	0	0	0	0	0	28	0	0	0	0	0	0	0	0	0	0	0	0	0	0	0	0	0	0	0	0	0	0	0	0	0	0	0	0	0	0	0	0	0	0	0	0	0	0	0	0	0	0	0	0	0	0	0	0	0	0	0	0	0	0	0	0	0	10	0	0	0	0	0	0	0	0	0	0	0	0	0	0	0	0	0	0	0	0	0	0	0	0	0	0	0	0	0	0	0	0	0	0	0	0	0	0	0	0	0	0	0	0	0	12	0	0	0	0	0	0	0	0	0	0
b2_8_1	511	1050	4887	1219	646	1270	1181	1644	1038	1911	120	504	163	189	135	37	809	805	21	183	280	230	61	35	21	139	88	252	171	33	48	226	28	25	179	74	57	29	0	0	33	94	78	25	94	61	389	63	75	141	0	95	191	96	0	110	60	16	37	67	0	60	0	0	240	15	47	39	36	19	28	0	49	38	11	57	73	39	0	0	79	81	0	43	35	0	64	41	31	0	17	0	0	0	30	63	41	0	55	58	29	32	33	26	0	36	0	0	42	22	0	0	0	0	68	0	0	64	40	30	11	26	13	18	11	12	0	28	19	27	0	28	30	37	23	0	30	11	0	0	16	27	0	0	23	20	26	0	0	0	0	0	0	33	0	0	0	0	0	0	0	12	0	0	14	0	0	18	0	13	0	0	0	0	0	13	11	0	0	0	0	0	12	0	13	23	0	0	13	0	0	0	34	0	0	0	0	0	0	0	0	0	0	11	0	0	0	0	0	0	0	0	0	0	0	0	0	0	0	0	0	0	0	0	0	0	0	0	0	0	0	0	0	0	0	0	0	0	0	0	0	0	0	0	0	0	0	0	0	0	0	0	0	0	0	0	0	0	0	0	0	0	0	0	0	0	0	0	0	0	0	0	0	0	0	0	0	0	0	0	0	0	0	0	0	0	0	0	0	0	0	0	0	0	0	0	0	0	0	0	0	0
b2_8_2	333	980	3305	962	494	863	1052	87	492	1031	59	306	498	72	25	55	319	208	35	237	231	39	80	11	19	63	46	32	0	13	54	97	16	30	148	14	22	154	0	0	0	48	30	19	96	28	29	58	39	17	10	48	34	62	0	42	19	37	42	45	0	0	0	11	48	41	0	78	0	0	0	0	30	24	0	25	56	21	0	0	25	31	0	32	68	0	17	35	46	63	0	0	74	0	13	20	0	32	17	22	0	29	17	0	21	19	0	0	34	19	0	35	0	0	14	0	16	11	0	30	14	0	20	13	0	16	0	19	43	0	17	0	15	17	0	0	0	0	17	0	13	11	0	16	23	27	16	0	0	0	0	0	0	0	0	14	0	0	0	0	18	0	0	0	0	0	0	0	0	0	0	0	0	0	0	0	0	0	0	0	0	0	0	0	0	0	0	0	24	0	0	0	0	0	0	0	0	0	0	0	0	0	0	0	0	0	0	16	0	0	0	0	0	0	0	0	0	0	0	0	0	0	0	0	0	0	0	0	0	0	0	0	0	0	0	0	0	0	0	0	0	0	0	0	0	0	0	0	0	0	0	0	0	0	0	0	0	0	0	0	0	0	0	0	0	0	0	0	0	0	0	0	0	0	0	0	0	0	0	0	0	0	0	0	0	0	0	0	0	0	0	0	0	0	0	0	0	0	0	0	0	0
b2_8_3	443	1366	1904	1942	300	472	953	529	979	633	52	372	34	45	39	0	130	146	36	132	196	55	164	12	65	49	100	51	0	48	93	28	38	13	36	5017	18	16	0	0	0	34	12	29	23	38	32	89	122	79	0	37	144	61	17	0	0	15	11	40	0	23	0	0	19	0	36	15	18	14	0	13	59	0	0	13	22	50	0	0	35	31	0	21	46	0	28	0	52	0	0	0	0	0	0	0	0	31	26	20	24	20	0	16	16	0	0	0	0	0	298	0	736	0	0	22	0	19	0	10	0	15	0	0	0	24	0	20	19	0	0	0	0	0	0	0	0	0	20	0	0	0	0	0	0	0	0	0	0	0	0	0	132	12	0	0	0	0	0	0	0	13	0	0	13	0	0	0	0	0	0	0	0	0	0	19	0	0	0	0	0	0	0	0	0	0	66	0	0	0	0	0	0	0	0	0	0	0	0	0	0	0	0	0	0	0	0	0	32	0	0	44	0	0	0	0	0	0	0	0	0	0	0	0	0	0	0	0	0	0	0	0	0	0	0	0	0	0	0	0	0	0	0	0	12	0	0	36	0	0	0	0	0	0	0	0	0	0	0	0	0	0	0	0	0	0	0	0	0	0	0	0	0	0	0	0	0	0	0	0	0	0	0	0	0	13	0	0	0	0	0	0	0	0	0	0	0	0	0	0	0	0
b2_8_4	308	663	3297	1594	151	877	1646	785	1224	1702	62	580	11	165	186	388	640	1069	0	154	117	316	101	0	0	740	80	122	223	18	68	25	16	0	105	0	72	0	0	0	57	87	54	38	36	42	47	124	343	0	0	0	197	23	0	35	65	0	0	32	0	11	0	0	29	0	31	0	79	66	19	0	111	0	0	20	12	40	0	67	22	20	0	0	38	0	14	0	17	0	0	0	0	0	13	20	0	29	29	27	0	13	0	12	0	0	26	0	0	0	202	0	102	0	0	0	0	30	0	17	0	0	15	0	0	27	0	27	13	0	0	0	0	16	0	20	0	0	20	0	0	0	0	16	0	0	0	0	0	14	0	0	32	0	0	0	18	0	0	0	0	0	0	0	0	0	0	0	0	0	0	0	0	0	0	27	0	0	0	0	0	0	0	0	0	0	10	27	0	0	0	0	23	0	0	0	52	0	0	0	0	0	0	0	0	0	0	0	0	0	0	0	0	0	0	0	0	0	0	0	0	20	0	0	0	0	0	0	0	0	0	0	0	0	0	0	0	0	0	0	0	24	0	0	0	0	0	0	0	11	0	0	0	0	0	0	0	0	0	0	0	0	0	0	0	0	0	0	0	0	16	0	0	0	0	0	0	0	0	0	0	0	0	0	0	0	13	0	0	0	0	0	12	0	0	0	0	0	0	0	0	0
b2_8_5	498	1203	2069	2134	751	1002	699	439	550	462	29	58	0	14	0	366	0	1164	22	177	26	15	51	0	0	39	49	112	0	61	103	0	139	20	0	18	0	82	0	0	0	0	0	21	0	11	0	31	103	41	0	0	110	0	0	0	81	0	0	0	0	11	0	237	0	0	48	0	0	0	0	0	69	0	0	0	0	0	63	43	0	0	0	0	67	0	0	0	0	0	0	0	0	0	0	0	0	21	10	46	21	0	0	0	0	0	0	0	0	0	35	0	48	0	0	0	0	41	0	0	0	0	0	0	0	0	0	0	15	0	0	0	0	0	0	0	0	0	0	0	0	0	0	0	0	0	0	0	0	0	0	0	182	30	0	0	23	0	0	0	0	0	0	0	0	0	0	0	0	0	0	0	0	0	0	0	0	0	0	0	0	0	0	0	0	0	61	36	0	0	0	0	0	0	0	0	0	0	0	0	0	0	0	0	0	0	0	0	51	0	0	47	0	0	0	0	0	0	0	0	0	0	0	0	0	0	0	0	0	0	0	0	0	0	0	0	0	0	0	0	0	0	0	0	29	0	0	0	0	0	0	0	0	0	0	0	0	0	0	0	0	0	0	0	0	0	0	0	0	0	0	0	0	0	0	0	0	0	0	0	0	0	0	0	0	0	0	0	0	0	0	0	0	0	0	0	0	0	0	0	0	0
b3_15_1	4670	2518	34	127	585	16	84	64	57	0	1019	21	24	209	81	114	29	0	111	626	109	189	116	43	18	77	258	0	0	176	86	0	57	52	24	0	45	0	0	0	61	27	60	86	0	0	20	0	0	21	41	0	0	0	141	0	0	39	0	56	0	0	82	0	0	0	0	36	26	16	0	0	13	0	0	19	0	0	0	0	0	0	0	0	42	0	0	0	26	0	58	0	0	23	0	0	0	19	0	15	0	0	0	36	0	0	0	27	0	0	0	0	0	0	0	0	0	0	0	0	0	0	0	22	0	0	0	0	0	0	0	0	0	0	0	0	0	0	0	0	0	0	0	15	0	0	0	24	0	0	0	0	0	0	0	29	0	0	0	0	0	0	0	36	0	0	0	0	0	0	0	0	0	0	0	0	0	0	0	0	0	0	0	0	0	0	0	0	0	0	0	0	0	0	0	0	0	0	0	0	0	0	0	0	0	0	0	0	0	0	0	0	0	0	0	0	0	0	0	0	0	0	0	0	0	0	0	0	0	0	0	0	0	0	0	0	0	0	0	0	0	0	0	0	0	0	0	0	0	0	0	0	0	0	0	0	0	0	0	0	0	0	0	0	0	0	0	0	0	0	0	0	0	0	0	0	0	0	0	0	0	0	0	0	0	0	0	0	0	0	0	0	0	0	0	0	0	0	0	0	0	0
b3_15_2	7106	6711	2711	687	612	430	481	3081	1188	131	919	62	187	1072	1185	1221	114	419	227	551	273	716	301	103	430	238	246	0	61	834	170	0	228	117	168	0	194	56	0	0	203	139	119	197	28	0	175	76	57	301	38	0	59	0	149	20	146	111	0	83	0	10	169	13	15	0	0	41	45	152	17	20	22	77	127	99	0	0	0	0	0	0	18	12	31	57	20	0	27	0	44	0	28	59	0	186	0	41	34	130	19	22	0	58	24	0	0	76	0	0	0	13	0	0	0	0	0	63	0	22	0	0	0	32	0	30	0	0	0	18	0	39	0	20	0	0	24	12	0	0	0	0	0	19	0	0	62	50	0	0	0	17	0	33	0	29	171	44	0	0	0	0	0	29	22	0	0	0	34	0	0	0	0	29	12	0	0	0	0	0	34	0	0	0	0	0	0	0	0	0	0	16	0	0	15	0	25	0	0	0	0	0	31	0	0	0	0	0	0	0	0	0	0	13	0	0	0	11	11	0	0	0	0	0	0	0	0	0	0	0	0	0	0	0	0	0	0	0	0	0	0	0	0	0	0	0	0	0	0	0	0	0	0	0	16	0	0	0	0	0	0	0	0	0	0	0	0	0	0	0	0	0	0	0	0	0	0	0	0	0	0	0	0	0	0	0	0	0	0	0	0	0	0	0	0	0	0	0	0	0	0	0
b3_15_3	9071	8978	12	14	1422	0	17	162	0	0	754	0	14	161	158	3012	58	0	336	721	61	293	0	427	446	49	150	0	0	207	155	0	0	128	15	0	182	0	0	0	195	54	59	62	0	0	35	0	0	0	77	0	0	0	185	0	0	124	0	28	0	0	124	0	14	0	0	39	13	0	0	48	0	0	0	22	0	0	0	0	0	0	0	0	25	98	0	0	0	0	31	0	0	32	0	0	0	0	0	17	0	0	0	21	18	0	0	19	0	0	0	0	0	0	0	0	0	0	11	0	0	0	0	13	17	0	0	0	0	0	0	0	0	13	0	0	0	0	0	0	0	0	0	0	0	0	0	19	0	0	0	0	0	0	0	12	0	38	0	0	0	0	0	0	0	13	0	0	27	0	0	0	0	0	0	0	0	0	0	0	0	11	0	0	0	0	0	0	0	0	0	0	0	0	0	0	0	19	0	0	0	0	0	0	0	0	0	0	0	0	0	0	0	0	0	0	0	0	0	0	0	0	0	0	0	0	0	0	0	0	0	0	18	0	0	0	0	21	0	0	0	0	0	0	0	0	0	0	0	0	0	0	0	0	0	0	0	0	0	0	0	0	0	0	0	0	0	0	0	0	0	0	0	0	0	0	0	0	0	0	0	0	0	0	0	0	0	0	0	0	0	0	0	0	0	0	0	0	0	0	0	0
b3_15_4	16828	7362	16	69	3750	23	24	308	0	0	1336	0	14	361	402	0	171	14	1271	421	210	397	85	598	244	59	263	0	0	435	131	0	80	641	21	0	311	0	0	0	84	38	49	119	0	0	0	14	0	28	142	0	0	0	95	0	0	89	0	55	0	0	136	0	0	0	0	74	38	18	25	269	0	0	0	30	0	0	0	0	0	0	70	0	13	117	0	0	0	11	69	0	0	76	0	37	19	28	0	0	0	0	0	72	0	0	0	90	0	0	0	0	0	0	0	0	0	0	0	0	0	0	0	27	22	0	0	0	0	14	0	0	0	31	0	0	0	0	0	0	0	0	0	0	0	0	14	44	0	0	0	0	0	0	0	31	0	21	0	0	0	0	0	19	0	0	13	0	0	0	0	0	0	0	18	0	0	0	0	0	17	0	0	0	0	0	0	0	0	0	0	13	0	0	0	0	0	0	0	0	0	0	0	0	0	0	0	0	0	0	0	0	0	0	0	0	0	0	0	0	0	0	0	0	0	0	0	0	0	0	0	0	18	0	0	0	0	0	0	0	0	0	0	0	0	0	14	0	0	0	0	0	0	0	0	0	0	0	0	0	0	0	0	0	0	0	0	0	0	0	0	0	0	0	0	0	0	0	0	0	0	0	0	0	0	0	0	0	0	0	0	0	0	0	0	0	0	0	0	0	0	0
b3_18_1	8904	6989	16	85	1575	26	12	576	0	0	1607	47	0	378	260	279	37	0	275	126	186	226	219	146	224	74	334	0	0	193	125	0	704	159	17	0	89	0	0	0	81	21	24	98	0	0	0	14	0	0	116	0	0	0	192	0	0	237	0	66	0	0	31	0	0	0	0	30	30	18	21	18	0	0	10	16	0	0	30	0	0	0	17	0	0	71	0	0	21	36	49	0	0	36	0	0	20	0	0	0	0	0	30	27	0	0	0	55	0	0	0	0	0	0	0	0	0	0	0	0	0	0	0	22	0	0	0	0	0	0	0	0	0	0	0	0	0	0	0	0	0	0	0	27	0	0	0	21	0	0	0	25	0	0	0	46	0	0	0	0	0	0	0	0	0	0	0	0	0	0	0	0	0	0	18	0	0	0	0	0	0	0	0	0	0	0	0	0	0	0	0	18	0	0	0	0	0	0	0	0	0	0	0	0	0	0	0	12	0	0	0	0	0	0	0	0	0	0	0	0	0	0	0	0	0	0	13	0	11	0	0	0	0	0	0	0	0	0	0	0	0	0	0	0	0	0	0	0	0	0	0	0	0	0	0	0	15	0	0	0	0	0	0	0	0	0	0	0	0	0	0	0	0	0	0	0	0	0	0	0	0	0	0	0	0	0	0	0	0	0	0	0	0	0	0	0	0	0	0	0	0	0
b3_18_2	10860	4423	25	16	1414	0	34	208	0	0	777	0	12	80	113	12	105	16	390	21	35	90	0	358	265	25	138	0	25	152	86	0	0	139	14	0	93	0	0	0	129	22	65	65	0	0	0	0	0	0	158	0	0	0	206	0	0	39	0	24	0	0	73	0	0	0	0	23	0	14	14	35	0	0	12	0	0	0	0	0	0	0	0	0	0	29	0	0	0	11	33	0	0	45	0	18	0	0	0	0	0	0	0	0	0	13	0	36	0	0	0	0	0	0	0	0	0	0	0	0	14	0	0	13	0	0	0	0	0	0	0	0	0	0	0	0	0	0	0	0	0	0	0	0	0	0	0	20	0	0	0	0	0	0	0	0	0	0	0	0	0	0	0	0	0	0	0	0	0	0	0	0	0	26	0	0	0	0	0	0	0	0	0	0	0	0	0	0	0	0	0	16	0	0	0	0	0	0	0	0	0	0	0	0	0	0	0	0	0	0	0	0	0	0	0	0	0	0	0	0	0	0	0	0	0	0	0	0	0	0	0	0	0	0	0	0	0	0	0	0	0	0	0	0	0	0	0	0	0	0	0	0	0	0	0	0	0	0	0	0	0	0	0	0	0	0	0	0	0	0	0	0	0	0	0	0	0	0	0	0	0	0	0	0	0	0	0	0	0	0	0	0	0	0	0	0	0	0	0	0	0	0
b3_18_3	10097	5403	17	23	592	0	23	212	0	0	289	0	0	414	500	2606	95	15	601	430	34	598	16	186	453	0	72	0	0	270	140	0	0	190	34	0	329	0	0	0	127	74	220	15	0	0	14	0	0	0	102	0	0	0	242	0	0	56	11	0	0	0	43	0	38	0	0	26	0	31	11	80	0	0	28	35	0	0	0	0	0	0	0	0	16	76	0	0	0	0	19	0	0	32	0	30	40	0	0	0	0	0	0	0	20	80	0	31	0	0	0	0	0	0	0	0	0	0	0	0	0	0	0	0	23	0	0	0	0	0	0	0	0	0	0	0	11	11	0	0	0	0	0	0	0	0	37	0	0	0	0	0	0	0	0	0	0	0	18	0	0	0	0	0	0	0	34	0	0	0	0	0	0	0	0	0	0	0	13	0	0	11	0	0	0	0	0	0	0	0	0	0	0	0	0	0	0	0	0	0	0	0	0	0	0	0	0	0	0	0	0	0	0	0	0	0	0	0	0	0	0	0	0	0	0	0	0	0	0	0	0	0	0	0	0	0	0	0	0	0	0	0	0	0	0	0	0	0	0	0	0	0	0	0	0	0	0	0	0	0	0	0	0	0	0	0	0	0	0	0	0	0	0	0	0	0	0	0	0	0	0	0	0	0	0	0	0	0	0	0	0	0	0	0	0	0	0	0	0	0	0	0
b3_18_4	15155	5525	12	156	3380	17	45	1341	11	0	541	22	0	151	54	0	74	14	427	162	190	117	34	856	198	29	95	0	0	392	80	0	354	141	0	0	76	19	0	0	92	38	0	36	0	0	0	0	0	0	208	0	23	0	23	0	10	63	0	91	0	0	136	0	0	0	0	30	0	0	48	41	0	0	0	11	0	0	0	0	0	0	145	0	0	35	0	0	0	0	30	0	0	58	0	14	40	0	0	0	0	0	0	80	0	0	0	35	0	0	0	0	0	0	0	0	0	0	0	0	0	0	0	0	0	0	0	0	0	0	0	0	0	0	0	0	0	0	0	0	0	0	0	0	0	0	0	18	0	0	0	0	0	0	0	18	0	14	17	0	0	0	0	20	0	16	19	0	17	0	0	0	0	19	11	0	0	0	12	0	13	14	0	0	0	0	0	0	0	0	0	13	0	0	0	0	0	0	0	0	0	0	0	0	0	0	0	0	0	0	0	0	0	0	10	0	0	0	0	0	0	0	0	0	0	0	0	0	0	0	0	0	0	0	0	0	0	0	0	0	0	0	0	0	0	0	0	0	0	0	0	0	0	0	0	0	0	0	0	0	0	0	0	0	0	0	0	0	0	0	0	0	0	0	0	0	0	0	0	0	0	0	0	0	0	0	0	0	0	0	0	0	0	0	0	0	0	0	0	0	0	0
b3_22_1	6060	5447	77	510	2245	53	268	430	22	10	1454	0	34	1452	1815	39	71	0	191	276	52	939	150	190	269	65	249	0	0	86	110	0	1161	77	121	0	368	10	0	0	255	115	481	76	0	0	104	0	0	43	27	0	0	0	264	0	64	184	0	30	0	11	24	0	12	0	0	56	24	132	15	15	12	0	316	49	0	0	26	0	0	0	41	0	13	73	0	0	0	0	74	0	0	28	0	193	28	25	13	0	0	0	0	14	0	25	0	24	0	0	0	0	0	0	0	0	0	0	0	0	0	0	0	25	11	0	0	0	0	0	0	10	0	0	0	0	0	31	0	0	0	0	0	20	0	0	24	28	0	0	0	18	0	0	0	20	0	23	0	0	0	0	0	22	0	0	0	0	39	0	0	0	0	0	16	0	0	0	17	0	0	11	0	0	0	0	0	0	0	0	0	16	0	0	0	0	0	14	0	0	0	0	0	0	0	0	0	0	0	0	0	0	0	12	0	0	0	0	0	0	0	0	0	0	0	0	0	0	0	0	0	0	0	0	0	0	0	0	0	0	0	0	0	0	0	0	0	0	0	0	0	0	0	0	0	0	0	0	0	0	0	0	0	0	0	0	0	0	0	0	0	0	0	0	0	0	0	0	0	0	0	0	0	0	0	0	0	0	0	0	0	0	0	0	0	0	0	0	0	0	0	0
b3_22_2	10133	5777	143	277	1005	109	85	1101	72	25	2404	20	13	641	919	38	50	43	386	1030	133	445	198	168	1145	95	509	0	0	242	85	0	93	131	38	0	198	0	0	0	126	55	113	161	0	0	11	52	49	35	32	0	26	0	388	0	23	96	0	43	256	23	27	0	0	0	0	15	39	20	32	35	15	0	21	34	0	0	0	139	0	0	0	0	40	0	0	0	0	15	104	0	0	45	0	29	0	27	0	29	0	0	0	41	26	0	0	46	0	0	15	0	0	0	0	0	0	0	0	0	0	0	0	32	11	0	0	0	0	0	0	11	0	18	0	0	0	0	0	0	0	0	0	0	0	0	43	22	0	0	0	0	0	0	0	13	0	16	0	0	0	0	0	30	0	12	0	0	27	0	0	0	0	0	25	0	0	0	0	158	12	13	0	0	0	0	0	0	0	0	0	0	0	0	20	0	0	0	0	0	0	0	14	0	0	0	0	0	0	0	0	0	0	16	0	0	0	0	0	0	0	0	45	0	0	0	0	0	0	0	0	0	0	0	0	0	0	0	0	0	0	0	0	0	0	0	0	0	0	0	0	0	0	0	0	0	0	0	0	0	0	0	0	0	0	18	0	0	0	0	0	0	0	0	0	0	0	0	0	0	0	0	0	0	0	0	0	0	0	0	0	0	0	0	0	0	0	0	11	0	0	0
b3_22_3	8228	7145	76	11	495	73	12	77	0	11	944	10	0	231	149	0	97	124	588	74	40	155	0	260	745	21	194	0	0	186	105	0	0	230	23	0	113	0	0	0	320	20	0	61	0	0	13	0	0	0	274	0	18	0	260	0	0	46	0	0	0	0	68	0	28	0	0	37	15	11	62	72	0	0	94	0	0	0	0	0	0	0	0	0	0	73	0	0	0	20	34	0	0	30	0	17	0	0	0	0	0	0	23	0	40	0	0	0	0	0	22	0	0	0	0	0	0	0	0	0	0	0	0	0	11	0	0	0	0	0	0	0	0	0	0	0	0	12	0	0	0	0	0	0	0	0	0	0	0	0	0	0	0	0	0	0	0	0	19	0	0	0	0	0	0	14	0	0	0	0	0	0	0	12	12	0	0	0	0	0	18	0	0	0	0	0	11	0	0	0	0	0	0	0	0	0	0	55	0	0	0	0	0	0	0	0	0	0	12	0	0	13	0	26	0	0	0	15	0	0	0	0	0	0	0	0	0	0	0	0	0	0	0	0	0	0	0	0	0	0	0	0	0	0	0	0	0	0	0	0	0	0	0	0	0	0	0	0	0	0	0	0	0	0	0	0	0	0	0	0	0	0	0	0	0	0	0	0	0	0	0	0	0	0	0	0	0	0	0	0	0	0	0	0	0	0	0	0	0	0	0	10
b3_22_4	2992	2259	248	87	2061	79	547	238	111	31	165	12	0	600	406	0	21	0	73	59	165	210	153	95	61	46	38	0	0	91	54	0	136	42	14	0	122	125	0	20	105	36	24	32	0	0	15	23	11	80	40	0	12	0	13	0	23	50	0	66	0	0	35	232	0	0	0	11	0	28	0	0	0	0	13	17	0	0	0	0	0	0	0	0	0	0	0	0	37	0	12	0	0	0	0	13	0	33	0	0	0	0	0	28	0	0	0	18	0	0	0	0	0	0	0	0	0	0	0	0	0	15	0	0	11	0	0	0	0	0	0	0	0	13	0	0	0	0	0	0	0	0	0	0	0	0	0	18	0	0	0	0	0	0	0	26	0	25	0	0	0	0	0	19	0	0	0	0	0	0	0	0	0	0	0	0	0	0	0	0	0	0	0	0	0	0	0	0	0	0	0	15	0	0	0	0	0	0	0	0	0	0	0	0	0	0	0	0	0	0	0	0	0	0	0	0	0	0	0	0	0	0	0	0	0	0	0	0	0	0	0	0	0	0	0	0	0	0	0	0	0	0	0	0	0	0	0	0	0	0	0	0	0	0	0	0	0	0	0	0	0	0	0	0	0	0	0	0	0	0	0	0	0	0	0	0	0	0	0	0	0	0	0	0	0	0	0	0	0	0	0	0	0	0	0	0	0	0	0	0	0	0
b3_25_1	13764	4515	64	36	927	12	41	355	0	10	870	0	13	106	120	0	200	58	621	354	58	106	19	187	273	45	146	0	23	267	110	13	146	204	45	0	122	0	0	0	46	54	74	75	0	0	16	0	0	191	562	0	12	0	89	0	14	107	0	19	0	0	309	0	31	19	0	41	17	0	15	62	0	0	0	22	0	0	0	0	0	0	0	0	0	172	0	0	0	29	36	0	0	25	0	15	88	0	0	0	0	0	0	0	11	16	0	24	0	0	0	0	0	0	0	0	0	0	0	0	17	0	0	0	16	0	0	0	0	0	0	0	0	0	0	0	0	0	0	0	0	0	0	0	0	0	0	10	0	0	0	0	0	0	0	0	0	0	12	0	0	0	0	0	0	13	17	0	0	0	0	0	0	0	12	0	0	0	40	0	11	0	0	0	0	35	0	0	0	16	0	0	0	29	0	0	0	0	0	0	0	0	0	0	0	0	25	0	0	0	0	0	0	0	11	0	0	0	0	0	0	0	0	0	0	0	0	0	0	0	0	0	0	0	0	0	0	0	0	0	0	0	0	0	0	0	0	0	0	0	0	0	0	0	0	0	0	0	0	0	0	0	0	0	0	0	0	0	0	0	0	0	0	0	0	0	0	0	0	0	0	0	0	0	0	0	0	0	0	0	0	0	0	0	0	0	0	0	0	0	0	0
b3_25_2	8979	5417	810	792	851	182	632	1849	227	84	769	110	23	802	736	29	60	177	363	507	120	545	152	126	162	206	159	0	16	240	90	0	33	130	69	0	125	18	0	0	103	68	128	127	0	0	65	73	16	107	91	0	26	0	77	0	45	67	0	52	0	22	68	0	13	14	19	24	25	56	19	25	45	26	17	58	0	0	0	0	0	0	16	0	14	0	0	0	0	15	23	16	0	57	0	20	0	40	0	40	0	0	0	35	0	0	0	49	0	0	0	0	0	0	0	0	0	17	0	0	0	0	0	12	28	0	0	0	0	0	0	23	0	42	0	0	11	12	0	0	0	0	0	0	0	0	44	18	0	0	0	0	0	0	0	19	0	0	0	0	0	0	0	19	0	0	0	0	14	0	0	0	0	21	0	0	0	0	0	0	0	0	0	0	0	0	0	0	0	0	0	0	0	0	12	0	25	0	0	0	0	0	31	0	0	0	0	0	0	0	0	0	0	0	0	0	0	0	15	0	0	0	0	0	0	0	0	0	0	0	0	0	0	0	0	0	10	0	0	0	0	0	0	0	0	0	0	0	0	0	0	0	0	0	0	0	0	0	0	0	0	0	0	0	0	0	0	0	0	0	0	0	0	0	0	0	0	0	0	0	0	0	14	0	0	0	0	0	0	0	0	0	0	0	0	0	0	11	0	0	0	0
b3_25_3	12104	8725	25	39	3850	0	0	135	0	0	213	0	0	58	32	68	82	20	750	31	59	78	0	605	584	0	31	0	0	99	225	0	0	264	0	0	52	0	0	0	69	42	24	16	0	0	0	0	0	0	120	0	18	0	56	0	0	89	0	0	0	0	36	0	0	0	0	37	0	0	39	403	0	0	467	18	0	0	0	0	0	0	89	0	0	224	0	0	0	0	15	0	0	73	0	0	22	0	0	0	0	0	0	0	29	0	0	21	0	0	12	0	0	0	0	0	0	0	12	0	0	0	0	0	0	0	0	0	0	0	0	0	0	0	0	0	0	0	0	0	0	0	0	0	0	0	0	0	0	0	0	0	0	0	0	0	0	0	0	0	0	0	0	0	0	29	0	0	0	0	0	0	0	0	0	0	0	0	0	0	0	10	0	0	0	0	24	0	0	0	0	0	0	0	0	0	0	18	0	0	0	0	0	0	0	0	0	0	14	0	0	0	0	0	0	0	0	0	0	0	0	0	0	0	0	0	0	0	29	0	0	0	12	0	0	0	10	0	0	0	0	0	0	0	0	0	0	0	0	0	0	0	0	0	0	0	0	0	0	0	0	0	0	0	0	0	0	0	0	0	0	0	0	0	0	0	0	0	0	0	0	0	0	0	0	0	0	0	0	0	0	0	0	0	0	0	0	0	0	0	0	0
b3_25_4	10967	5228	64	26	1897	49	26	349	0	12	732	0	0	267	261	0	65	0	361	217	40	71	14	577	262	35	145	0	0	197	87	0	92	173	44	0	280	0	0	0	159	36	166	48	0	0	0	0	65	228	83	0	39	0	26	0	0	77	0	17	0	0	108	0	0	0	0	16	0	18	31	32	0	0	0	0	0	0	0	0	0	0	0	0	0	265	0	0	0	17	34	0	0	17	0	38	27	0	0	0	0	0	0	0	0	18	0	21	0	0	0	0	0	0	0	0	0	0	0	0	12	0	0	0	158	0	0	0	0	0	0	0	0	0	0	0	0	0	0	0	0	0	0	0	0	0	0	0	0	0	0	0	0	0	0	25	0	32	0	0	0	0	0	33	0	0	0	0	46	0	0	0	0	13	0	0	0	0	0	0	0	11	0	0	0	0	0	0	0	0	0	13	0	0	0	0	0	0	0	0	0	0	0	0	0	0	0	0	0	0	0	0	0	0	0	0	0	0	0	0	0	0	0	0	0	0	0	0	11	0	0	0	0	0	0	0	0	0	0	0	0	0	0	0	0	0	0	0	0	0	0	0	0	0	0	0	0	0	0	0	0	0	0	0	0	0	0	0	0	0	0	0	0	0	0	0	0	0	0	0	0	0	0	0	0	0	0	0	0	0	0	0	0	0	0	0	0	0	0	0	0	0
b3_29_1	7074	5919	28	59	2161	0	39	270	29	0	4091	0	24	212	338	11	246	0	150	373	50	156	18	77	104	89	591	0	0	145	61	0	88	68	53	0	241	0	0	0	168	55	179	259	0	0	18	0	0	88	158	0	0	0	91	0	45	71	0	0	0	0	27	0	21	0	0	64	48	18	53	13	0	0	11	23	12	0	0	0	0	0	157	17	0	80	0	0	0	0	122	0	0	59	0	95	29	0	0	0	0	0	0	0	0	40	0	12	0	0	0	0	0	0	0	0	0	0	0	0	0	0	0	42	75	0	0	0	0	0	0	0	0	0	0	0	0	0	0	0	0	16	0	0	0	0	0	13	0	0	0	0	0	0	0	0	0	0	0	0	0	0	0	0	0	0	0	0	0	0	0	0	0	0	55	0	0	0	0	0	0	0	0	0	0	0	0	0	0	0	0	0	0	0	0	0	0	0	0	0	0	0	0	0	0	0	0	0	0	0	0	0	0	0	10	0	0	0	0	0	0	0	0	0	0	12	0	0	0	0	0	0	0	0	0	0	0	0	0	0	0	0	0	0	0	0	0	0	0	0	0	0	0	0	0	0	0	0	0	0	0	0	0	0	0	0	0	0	0	0	0	0	0	0	0	0	0	0	0	0	0	0	0	0	0	0	0	0	0	0	0	0	0	0	0	0	0	0	0	0	0	0
b3_29_2	10999	3832	79	314	147	34	113	1466	41	15	2773	38	25	642	511	0	146	27	463	437	130	768	85	228	282	93	525	0	0	186	28	0	46	224	125	0	363	0	0	0	216	33	349	168	0	0	35	0	0	54	89	0	28	0	123	0	110	38	0	43	0	0	105	0	19	56	0	45	39	32	60	28	16	26	11	16	0	0	0	0	0	0	0	10	0	0	15	0	0	12	91	0	0	35	0	135	0	0	0	16	0	0	0	34	0	23	0	43	0	0	0	0	0	0	0	0	0	11	0	0	11	0	0	28	32	0	0	0	0	0	0	13	0	11	0	0	0	0	0	0	0	0	0	0	0	0	17	0	0	0	0	0	0	0	0	0	0	18	0	0	0	0	0	18	0	0	0	0	19	0	0	0	0	16	23	0	0	0	0	0	0	18	0	0	0	0	0	0	0	0	0	0	0	0	17	0	0	0	0	0	0	0	10	0	0	0	0	0	0	0	0	0	0	0	12	0	0	0	0	0	0	0	0	0	0	0	0	0	0	0	0	0	0	0	0	0	13	0	0	0	0	0	0	0	0	0	0	0	0	0	0	0	0	0	0	0	0	0	0	0	0	0	0	0	0	0	0	0	0	0	0	0	0	0	0	0	0	0	0	0	0	0	0	0	0	0	0	0	0	0	0	0	0	0	0	0	0	0	0	0	0	0
b3_29_3	10848	12034	161	193	175	95	127	940	228	36	1641	103	202	1416	2701	1366	93	66	401	419	333	394	289	248	292	118	316	0	13	451	223	0	18	125	165	0	235	0	0	0	505	67	183	109	0	0	33	45	0	173	139	19	24	0	133	0	23	147	43	94	0	0	149	17	24	23	0	59	31	60	26	36	23	35	112	51	0	0	0	0	0	0	43	0	12	48	0	0	14	0	59	0	0	92	0	65	116	52	32	13	13	17	0	74	0	20	0	55	0	0	0	0	0	0	0	0	0	0	0	0	0	35	10	37	16	0	0	0	0	13	0	0	0	29	0	0	13	13	0	0	0	0	0	27	0	0	15	29	0	0	0	25	0	0	0	19	0	0	20	0	0	0	0	0	12	0	26	0	22	0	0	0	0	15	0	0	0	0	70	0	0	15	0	0	0	0	0	0	0	0	0	18	0	35	60	0	0	11	0	0	0	0	10	0	0	0	14	0	0	0	0	0	0	0	0	0	0	0	0	0	0	0	0	0	0	0	15	0	0	0	14	0	0	0	0	0	0	14	0	0	0	0	0	29	0	0	0	0	0	0	0	0	0	0	0	0	0	0	0	0	0	0	0	0	0	0	0	0	0	0	0	0	0	0	0	0	0	0	0	0	0	0	0	0	0	0	0	0	0	0	0	0	0	0	0	0	0	0	0	0	0	0
b3_29_4	8050	2841	33	22	1053	19	67	293	14	0	552	0	0	255	250	0	29	66	313	155	78	19	0	219	152	0	126	0	0	132	38	0	437	92	0	0	62	0	0	2167	64	34	0	28	0	0	14	0	0	121	99	0	0	0	20	0	0	24	0	18	1166	0	153	0	0	0	0	0	0	0	21	92	0	0	0	26	0	0	0	0	0	0	19	0	0	40	0	0	0	17	19	0	0	15	0	0	53	0	0	0	0	0	0	28	0	0	0	46	0	0	0	0	0	0	0	0	0	0	0	0	19	26	0	0	0	0	0	0	0	0	0	0	0	0	0	0	0	0	0	0	0	0	0	0	0	0	0	0	0	0	0	0	0	0	0	0	0	21	0	0	0	0	0	0	0	0	0	0	0	0	0	0	0	0	0	0	0	0	22	0	0	19	0	0	0	0	0	0	0	0	0	0	0	0	0	0	0	0	0	0	0	0	0	0	0	0	0	0	0	0	13	0	0	0	0	0	0	12	0	0	0	34	0	0	0	0	0	0	0	0	0	0	0	0	0	0	0	0	0	0	0	0	0	0	0	0	0	0	0	0	0	0	0	0	0	0	0	0	0	0	0	0	0	0	0	0	0	0	0	0	0	0	0	0	0	0	0	0	0	0	0	0	0	0	0	0	0	0	0	0	0	0	0	0	0	0	0	0	0	0	0	0
b3_32_2	7854	2930	107	71	845	16	107	503	13	0	1039	17	45	248	267	0	130	16	284	121	99	454	54	128	23	59	188	0	0	107	70	0	47	134	80	0	255	0	0	0	107	55	96	77	0	0	0	0	0	21	94	0	0	0	66	0	17	27	0	30	0	0	58	0	16	18	0	35	33	15	15	29	0	11	0	41	0	0	0	0	0	0	22	0	0	0	0	0	0	17	62	0	0	56	0	77	0	0	0	0	0	0	0	34	0	0	0	30	0	0	23	0	0	0	0	0	0	0	0	0	16	0	0	22	0	0	0	0	0	0	0	0	0	12	0	0	0	0	0	0	0	0	0	0	0	0	0	13	0	0	0	0	0	0	0	0	0	0	0	0	0	0	0	0	0	19	0	0	0	0	0	0	0	0	15	0	0	0	0	0	0	0	0	0	0	0	0	0	0	0	0	0	0	0	0	0	0	0	0	0	0	0	0	0	0	0	0	0	0	0	0	0	0	0	0	0	0	0	0	0	0	0	0	0	0	0	0	0	0	0	0	0	0	0	0	0	0	0	0	0	0	0	0	0	0	0	0	0	0	0	0	0	0	0	0	0	0	0	0	0	0	0	0	0	0	0	0	0	0	0	0	0	0	0	0	0	0	0	0	0	0	0	0	0	0	0	0	0	0	0	0	0	0	0	0	0	0	0	0	0	0	0
b3_32_3	10093	3472	43	12	4246	53	24	73	0	0	906	0	0	79	102	0	60	31	437	249	34	96	12	278	104	37	162	0	0	105	65	0	0	158	0	0	63	0	0	0	124	0	0	65	0	0	11	0	0	0	74	0	0	0	65	0	0	32	20	0	0	12	37	0	0	0	0	29	12	0	21	113	0	0	17	0	0	0	0	0	0	0	20	0	0	0	0	0	0	0	35	0	0	33	0	16	30	0	0	0	0	0	0	0	0	0	0	30	0	0	0	0	0	0	0	0	0	0	0	0	0	0	0	18	12	0	0	0	0	0	0	0	0	0	0	0	0	15	0	0	0	16	0	0	0	0	0	15	0	0	0	0	0	0	0	0	0	0	0	0	0	0	0	0	0	16	0	0	0	0	0	0	0	0	0	0	0	0	12	0	0	0	0	0	0	0	0	0	0	0	0	0	0	0	0	0	0	0	0	0	0	0	0	0	0	0	0	0	0	0	0	0	0	0	0	0	0	0	0	0	0	0	0	0	0	0	0	0	0	0	0	0	0	0	0	0	0	10	0	0	0	0	0	0	0	0	0	0	0	0	0	0	0	0	0	0	0	0	0	0	0	0	0	0	0	0	0	0	0	0	0	0	0	0	0	0	0	0	0	0	0	0	0	0	0	0	0	0	0	0	0	0	0	0	0	0	0	0	0	0	0	0
b3_32_4	8973	4304	67	25	1210	0	67	135	21	0	165	12	25	142	166	0	51	40	430	17	56	20	47	759	208	0	49	0	0	111	82	0	507	94	41	0	96	0	0	0	24	63	0	0	0	0	0	0	0	37	101	0	0	0	0	0	0	55	0	15	0	0	90	0	0	0	0	12	0	13	16	61	0	0	15	49	0	0	0	0	0	0	26	0	0	31	0	0	0	0	0	0	0	40	0	25	0	0	0	0	19	0	0	14	0	0	0	47	0	0	0	0	0	0	0	0	0	0	0	0	0	0	0	0	0	0	0	0	0	0	0	0	0	16	0	0	0	0	0	0	0	0	0	0	0	0	0	15	0	0	0	0	0	0	0	14	0	0	21	0	0	0	0	0	0	10	0	0	0	0	0	0	0	13	0	0	0	0	16	0	0	0	0	0	0	0	0	0	0	0	0	11	0	0	0	0	0	0	0	0	0	0	0	0	0	0	0	0	0	0	0	0	0	16	0	0	0	0	0	0	0	0	0	0	0	0	0	0	0	0	0	0	0	0	0	0	0	0	0	0	0	0	0	0	0	0	0	0	0	0	0	0	0	0	0	0	0	0	0	0	0	0	0	0	0	0	0	0	0	0	0	0	0	0	0	0	0	0	0	0	0	0	0	0	0	0	0	0	0	0	0	0	0	0	0	0	0	0	0	0	0	0
b3_36_1	10068	4539	54	211	302	29	134	255	62	0	132	0	0	262	272	18	151	14	195	193	71	62	52	92	351	0	31	0	0	359	85	0	0	122	32	0	105	0	0	0	90	67	202	18	0	0	11	0	0	169	113	0	12	0	0	0	24	50	0	25	0	0	55	0	0	0	0	30	0	0	10	29	0	0	0	43	0	0	0	0	0	0	33	0	0	98	0	0	0	12	0	0	0	29	0	37	31	0	0	0	0	0	0	16	0	0	0	22	0	0	0	0	0	0	0	0	0	0	0	0	0	0	0	0	34	0	0	0	0	0	0	0	0	0	0	0	11	0	0	0	0	0	0	0	0	0	0	16	0	0	0	0	0	0	0	0	0	0	0	0	0	0	0	0	0	15	0	0	0	0	0	0	0	0	0	0	0	0	11	0	11	0	0	0	0	0	0	0	0	0	0	0	0	0	0	0	0	0	0	0	0	0	0	0	0	0	0	0	0	0	0	0	0	0	0	0	0	0	0	0	0	0	0	0	0	0	0	0	0	0	0	0	0	0	0	0	0	0	0	0	0	0	0	0	0	0	0	0	0	0	0	0	0	0	0	0	0	0	0	0	0	0	0	0	0	0	0	0	0	0	0	0	0	0	0	0	0	0	0	0	0	0	0	0	0	0	0	0	0	0	0	0	0	0	0	0	0	0	0	0	0	0
b3_36_2	10291	3842	510	876	1030	61	290	958	89	61	863	27	0	351	143	0	69	70	261	546	90	587	128	89	297	57	194	0	0	177	98	0	30	113	22	0	64	32	0	0	55	20	30	80	0	0	0	16	195	66	41	0	98	0	31	0	35	99	0	31	0	21	74	0	0	0	0	13	0	35	22	26	33	0	0	26	0	0	0	0	0	0	240	0	16	41	0	0	0	17	40	0	14	63	0	10	0	0	14	36	19	0	0	19	0	0	0	36	0	0	0	0	0	0	0	0	0	12	0	0	0	0	0	0	0	0	0	0	0	0	0	22	0	0	0	0	0	0	0	0	0	0	0	0	0	0	0	0	0	0	0	0	0	0	0	0	0	0	0	0	0	0	0	0	0	33	0	0	22	0	0	0	0	23	0	0	0	0	0	0	0	16	0	0	0	0	0	0	0	0	0	0	0	0	0	0	0	0	0	0	0	0	19	0	0	0	0	0	0	0	0	0	0	13	0	0	0	12	0	0	0	0	0	0	0	0	0	0	0	0	0	0	0	0	0	0	0	0	0	0	0	0	0	0	0	0	0	0	0	0	0	0	0	0	0	0	0	0	0	0	0	0	0	0	0	0	0	0	0	0	0	0	0	0	0	0	0	0	0	0	0	0	0	0	0	0	0	0	0	0	0	0	0	0	0	0	0	0	0	0	0	0
b3_36_3	45709	6722	77	34	270	48	73	239	0	10	164	23	14	36	33	164	353	167	956	27	64	26	34	434	215	0	26	0	0	303	118	0	84	298	19	0	21	0	0	1018	16	51	0	21	0	0	19	0	0	0	401	0	31	0	0	0	0	40	97	19	0	0	313	0	0	14	0	75	0	11	95	105	0	0	0	29	0	0	0	81	0	0	598	0	0	21	0	0	0	41	0	0	0	188	0	0	38	0	0	0	26	0	0	0	13	0	0	36	12	42	0	0	0	0	0	0	0	0	52	11	32	0	0	0	0	0	0	0	0	0	0	0	0	0	0	0	0	20	0	0	0	23	0	0	0	0	28	0	0	0	0	0	0	0	0	0	0	0	182	0	0	0	0	0	0	108	171	0	0	0	19	0	0	18	0	0	0	13	0	11	48	42	0	0	0	0	0	0	0	0	0	0	0	0	0	0	0	18	0	0	0	0	0	0	0	0	0	0	0	0	0	0	0	0	16	0	0	14	0	0	0	0	0	0	0	14	0	0	0	0	0	0	0	0	0	0	12	0	0	0	19	0	0	0	0	0	13	0	0	0	0	0	0	0	0	0	12	26	0	0	0	0	20	0	0	0	0	0	0	0	0	0	0	0	0	0	0	0	0	0	0	14	0	14	0	0	0	13	0	0	0	0	0	0	0	0	0	0	0	11	0	0
b3_36_4	7261	4321	24	20	802	0	10	293	0	0	296	0	0	321	399	0	27	22	275	41	73	150	70	352	151	25	99	0	0	118	168	0	883	74	39	0	99	14	5009	1411	109	34	52	23	0	0	0	0	0	58	43	0	0	0	26	0	0	42	0	27	1450	0	35	0	0	0	0	12	0	15	0	109	0	0	0	38	0	0	0	95	0	0	34	0	0	49	0	0	0	0	0	0	0	15	0	24	44	0	0	0	14	0	0	14	0	0	0	30	0	0	0	0	0	0	0	0	0	0	0	0	0	25	0	0	51	0	0	0	0	0	0	0	0	12	0	0	0	0	0	0	0	0	0	0	0	0	13	27	0	0	0	0	0	0	0	17	0	0	0	0	0	0	0	0	0	14	0	0	0	0	0	0	0	11	0	0	0	0	0	12	13	0	0	0	0	0	0	0	0	0	0	16	0	0	0	0	0	0	0	0	0	0	0	0	0	0	0	0	0	0	92	0	0	0	0	0	0	0	0	0	0	0	0	0	0	0	0	0	0	0	0	0	0	0	0	0	0	0	0	44	0	0	0	0	0	0	11	0	0	0	0	0	0	0	0	0	0	0	0	0	0	0	0	0	0	0	0	0	0	0	0	0	0	0	0	0	0	0	0	0	0	0	0	0	0	0	0	0	0	0	0	0	0	0	0	0	0	0	0	0	0	0
